"scenario","method","n","success_rate_mean","success_rate_std","intercept_time_s_mean","intercept_time_s_std","miss_distance_mean","miss_distance_std","avg_travel_velocity","max_travel_velocity","avg_intercept_velocity","max_intercept_velocity"
"hover","rl","3","0.9732190228643871","0.0027629136991628614","1.005102063133603","0.004912456197068869","0.5528011861301604","0.009844176614598086","2.3490346689059702","11.570483207702637","4.3095876010549645","10.286359786987305"
"hover","pure_pursuit","3","0.8614604009522332","0.004682339213575827","2.3027609252929686","0.02104107273295704","0.41613216532601244","0.010240202744007427","1.1907881697950058","11.565292358398438","0.22854124875115378","2.108302116394043"
"hover","pn","3","0.8386160731315613","0.007976860145723049","2.138407880995009","0.007681153761977527","0.4682409200403425","0.03912793229702645","1.3434213353285607","10.921523094177246","0.3778415812930451","3.343235731124878"
"hover","apf","3","0.7455809778637357","0.010120965338006471","1.9041415235731336","0.008132211097042067","0.6571419768863254","0.03959842903354802","1.6879033848546479","10.869085311889648","0.6500543354289657","4.131977558135986"
"hover","kinematic_mpc","3","0.8359745343526205","0.00936734643383225","2.1095645141601564","0.01741467847854063","0.4979241126113468","0.029602773398935602","1.3413140447721215","11.256300926208496","0.38572666251794346","3.4782965183258057"
"hover","nonlinear_mpc","3","0.743245542049408","0.008032260491283376","2.0365753512912326","0.012996348277826357","0.7882094648149279","0.03194047022024267","1.772483385893462","12.845951080322266","0.8788922877036517","4.156538486480713"
"linear","rl","3","0.9666627102428013","0.004212135574192822","1.1720721444023983","0.000947267967153212","0.5663789159721798","0.011630991686431894","2.383955710027672","17.206867218017578","4.272132010941406","10.495293617248535"
"linear","pure_pursuit","3","0.08329782138268153","0.0057239392310464545","8.813965657552083","0.0374738781877125","1.3073537747065227","0.07202916758309616","1.4768434252016558","14.194717407226562","0.39219089563867543","2.0185391902923584"
"linear","pn","3","0.815216471751531","0.0054291784690718835","3.23092404683431","0.025529538623540585","0.6005449742078781","0.10207571540183787","1.6715610848582934","12.515932083129883","1.0657122317288028","4.329977989196777"
"linear","apf","3","0.784920334815979","0.010173180715932637","2.1196236165364586","0.0368199800664493","0.7972879310448965","0.06612590535116274","2.003830536044232","14.244818687438965","1.501135768521074","4.273404121398926"
"linear","kinematic_mpc","3","0.7995276153087616","0.002524367121016885","3.2352124023437496","0.04945690326013239","0.7502182821432749","0.04748773589224633","1.704767517459679","13.652281761169434","1.0773529029923226","3.533735513687134"
"linear","nonlinear_mpc","3","0.8017699321111044","0.006199480224834078","2.546427103678386","0.04840004750136735","0.9703075885772705","0.04212486685230786","2.046082928897245","17.587425231933594","1.5819254047616724","4.363105297088623"
"random","rl","3","0.950713262671516","0.002640909879058571","1.0491573043096631","0.007531330043419287","0.5803729664711725","0.006389101121265056","2.4301409575766044","12.647409439086914","4.450091328145926","10.764259338378906"
"random","pure_pursuit","3","0.16793738305568695","0.030480706451101968","6.824625854492187","0.23903518863782264","0.9837591648101807","0.056663280931640476","1.2695651435759652","10.921881675720215","0.3132543207812453","1.975005865097046"
"random","pn","3","0.7903282907274033","0.010021921792778115","2.4045451524522568","0.04349560961203704","0.5406956639554766","0.02095814543627632","1.6301652482691604","10.936595916748047","0.9326709410428723","5.035254955291748"
"random","apf","3","0.7317273749245538","0.008631057007160657","1.9315299479166665","0.011344083005371697","0.6272263593143887","0.017498553157945747","1.913253808636739","11.620064735412598","1.1622847671791312","4.636116981506348"
"random","kinematic_mpc","3","0.7966481380992465","0.0025324988324644097","2.329669664171007","0.03088014993528327","0.5206969777743021","0.02367622412130382","1.5894755257980877","11.070920944213867","0.9156523741895958","7.07227087020874"
"random","nonlinear_mpc","3","0.6927686863475376","0.0014963021425441407","2.511800299750434","0.05903463717691242","0.7033252186245389","0.015729282307336914","1.8735556256064205","11.93986988067627","1.228542546000688","4.165826797485352"