t_rel,state_stamp,x,y,z,vx,vy,vz
21.041989,1791354036.773969,0.012097,-0.866285,1.105677,-0.014275,-0.205844,-0.015164
21.043953,1791354036.773969,0.012097,-0.866285,1.105677,-0.014275,-0.205844,-0.015164
21.065340,1791354036.816974,0.011488,-0.875323,1.105004,-0.016212,-0.244788,-0.017739
21.085428,1791354036.816974,0.011488,-0.875323,1.105004,-0.016212,-0.244788,-0.017739
21.104981,1791354036.852157,0.011155,-0.880384,1.104665,-0.017052,-0.261016,-0.015660
21.124410,1791354036.867133,0.010788,-0.886011,1.104394,-0.017942,-0.274213,-0.009437
21.144873,1791354036.872108,0.010420,-0.891572,1.104300,-0.018853,-0.281095,0.000617
21.165323,1791354036.908303,0.010034,-0.897207,1.104446,-0.019713,-0.281440,0.014637
21.185519,1791354036.932305,0.009217,-0.908191,1.105640,-0.021046,-0.264629,0.045455
21.204697,1791354036.943890,0.008791,-0.913345,1.106709,-0.021494,-0.250432,0.060939
21.225107,1791354036.975179,0.008356,-0.918195,1.108070,-0.021995,-0.234342,0.075193
21.245164,1791354036.995736,0.007909,-0.922709,1.109708,-0.022769,-0.216879,0.088756
21.264590,1791354037.016100,0.007442,-0.926860,1.111610,-0.023888,-0.197995,0.101174
21.285206,1791354037.036967,0.006951,-0.930616,1.113760,-0.025201,-0.177314,0.113519
21.304631,1791354037.038970,0.006434,-0.933940,1.116147,-0.026526,-0.154871,0.125211
21.324723,1791354037.060109,0.006434,-0.933940,1.116147,-0.026526,-0.154871,0.125211
21.344586,1791354037.094338,0.005334,-0.939173,1.121541,-0.028163,-0.106095,0.143771
21.364946,1791354037.094338,0.005334,-0.939173,1.121541,-0.028163,-0.106095,0.143771
21.385375,1791354037.136019,0.004207,-0.942402,1.127606,-0.027894,-0.055601,0.158359
21.404740,1791354037.136888,0.003654,-0.943271,1.130823,-0.027265,-0.031388,0.162794
21.425428,1791354037.161330,0.003118,-0.943664,1.134107,-0.026331,-0.008004,0.165800
21.445106,1791354037.179949,0.003118,-0.943664,1.134107,-0.026331,-0.008004,0.165800
21.464913,1791354037.201571,0.002602,-0.943597,1.137449,-0.025197,0.014579,0.168432
21.484242,1791354037.237480,0.001643,-0.942153,1.144274,-0.022757,0.056905,0.171881
21.505176,1791354037.238423,0.001198,-0.940821,1.147705,-0.021756,0.076096,0.171055
21.524436,1791354037.275160,0.000773,-0.939118,1.151107,-0.020601,0.094012,0.168832
21.544927,1791354037.294916,0.000376,-0.937068,1.154464,-0.019043,0.110824,0.166649
21.564482,1791354037.314466,0.000016,-0.934695,1.157767,-0.016961,0.126300,0.163733
21.584369,1791354037.334273,-0.000299,-0.932028,1.160996,-0.014388,0.140259,0.159408
21.605098,1791354037.334273,-0.000299,-0.932028,1.160996,-0.014388,0.140259,0.159408
21.624973,1791354037.377242,-0.000758,-0.925932,1.167192,-0.008599,0.163506,0.150324
21.645338,1791354037.377242,-0.000758,-0.925932,1.167192,-0.008599,0.163506,0.150324
21.664416,1791354037.407691,-0.000905,-0.922570,1.170142,-0.006141,0.172453,0.144156
21.684724,1791354037.438445,-0.001075,-0.915396,1.175654,-0.002531,0.185334,0.131110
21.704624,1791354037.438445,-0.001075,-0.915396,1.175654,-0.002531,0.185334,0.131110
21.724424,1791354037.467763,-0.001111,-0.907820,1.180621,0.000779,0.192612,0.116935
21.745768,1791354037.498863,-0.001077,-0.903951,1.182889,0.002630,0.194171,0.109905
21.765084,1791354037.498863,-0.001077,-0.903951,1.182889,0.002630,0.194171,0.109905
21.785552,1791354037.500187,-0.001005,-0.900064,1.185009,0.004577,0.194381,0.101939
21.804858,1791354037.533064,-0.001005,-0.900064,1.185009,0.004577,0.194381,0.101939
21.824809,1791354037.578013,-0.000894,-0.896185,1.186967,0.006529,0.193341,0.093685
21.844807,1791354037.579036,-0.000745,-0.892340,1.188749,0.008348,0.191001,0.084618
21.864845,1791354037.588424,-0.000745,-0.892340,1.188749,0.008348,0.191001,0.084618
21.907113,1791354037.609587,-0.000561,-0.888556,1.190368,0.010075,0.187265,0.077231
21.909043,1791354037.623077,-0.000561,-0.888556,1.190368,0.010075,0.187265,0.077231
21.929451,1791354037.673620,-0.000086,-0.881110,1.193234,0.012922,0.174969,0.061941
21.949529,1791354037.701594,0.000470,-0.874447,1.195412,0.014781,0.157510,0.047142
21.969416,1791354037.713322,0.001094,-0.868549,1.197016,0.016412,0.137180,0.033326
21.989762,1791354037.735107,0.001789,-0.863482,1.198099,0.018414,0.116184,0.021053
22.008945,1791354037.735107,0.001789,-0.863482,1.198099,0.018414,0.116184,0.021053
22.029343,1791354037.782800,0.002573,-0.859260,1.198743,0.020812,0.094768,0.011620
22.049429,1791354037.784166,0.003000,-0.857476,1.198940,0.021888,0.083542,0.008075
22.069173,1791354037.817241,0.003447,-0.855921,1.199071,0.022690,0.071922,0.004974
22.089666,1791354037.834216,0.003905,-0.854600,1.199130,0.023149,0.060220,0.001241
22.108697,1791354037.853735,0.004370,-0.853511,1.199128,0.023298,0.048732,-0.001680
22.129246,1791354037.876297,0.004835,-0.852647,1.199079,0.023186,0.037801,-0.003379
22.149125,1791354037.899663,0.005296,-0.851993,1.198997,0.022899,0.027597,-0.004574
22.168818,1791354037.918800,0.005750,-0.851538,1.198886,0.022429,0.017995,-0.006460
22.189286,1791354037.918800,0.005750,-0.851538,1.198886,0.022429,0.017995,-0.006460
22.209162,1791354037.955482,0.006615,-0.851195,1.198605,0.020609,-0.000851,-0.007093
22.229635,1791354037.975051,0.007013,-0.851306,1.198460,0.019175,-0.010281,-0.007148
22.248878,1791354037.998116,0.007379,-0.851605,1.198329,0.017410,-0.019534,-0.006086
22.269182,1791354038.014143,0.007707,-0.852083,1.198220,0.015306,-0.028227,-0.004527
22.289733,1791354038.035890,0.007990,-0.852727,1.198137,0.013058,-0.036001,-0.003835
22.308837,1791354038.053261,0.008230,-0.853516,1.198076,0.010927,-0.042763,-0.002773
22.330041,1791354038.078668,0.008428,-0.854431,1.198034,0.008951,-0.048662,-0.001421
22.349697,1791354038.097493,0.008589,-0.855457,1.198014,0.007122,-0.053859,-0.000394
22.369008,1791354038.114491,0.008714,-0.856582,1.198018,0.005381,-0.058576,0.001103
22.390773,1791354038.139426,0.008805,-0.857796,1.198050,0.003720,-0.062815,0.001868
22.409431,1791354038.157362,0.008862,-0.859090,1.198097,0.002073,-0.066456,0.002951
22.429178,1791354038.177356,0.008887,-0.860448,1.198174,0.000435,-0.069232,0.004744
22.449182,1791354038.196011,0.008881,-0.861851,1.198282,-0.001018,-0.070888,0.006379
22.470054,1791354038.201520,0.008850,-0.863275,1.198416,-0.002068,-0.071381,0.007151
22.489036,1791354038.239738,0.008802,-0.864697,1.198570,-0.002608,-0.070716,0.008515
22.509223,1791354038.258539,0.008748,-0.866097,1.198752,-0.002749,-0.069142,0.009714
22.529404,1791354038.274760,0.008694,-0.867458,1.198956,-0.002744,-0.066844,0.010594
22.549326,1791354038.293606,0.008638,-0.868768,1.199158,-0.002777,-0.064118,0.009884
22.569309,1791354038.315149,0.008581,-0.870021,1.199359,-0.002956,-0.061165,0.010361
22.590309,1791354038.333356,0.008519,-0.871213,1.199569,-0.003284,-0.058084,0.010709
22.609087,1791354038.353527,0.008446,-0.872398,1.199794,-0.003742,-0.054734,0.010661
22.629691,1791354038.373760,0.008366,-0.873460,1.200009,-0.004267,-0.051455,0.010772
22.649507,1791354038.396632,0.008275,-0.874456,1.200227,-0.004818,-0.048073,0.010616
22.670057,1791354038.413362,0.008172,-0.875381,1.200433,-0.005388,-0.044461,0.010114
22.689496,1791354038.416840,0.008059,-0.876231,1.200622,-0.005901,-0.040461,0.008991
22.709357,1791354038.438951,0.008059,-0.876231,1.200622,-0.005901,-0.040461,0.008991
22.729326,1791354038.474308,0.007818,-0.877659,1.200984,-0.005921,-0.030570,0.009010
22.749145,1791354038.494491,0.007704,-0.878214,1.201153,-0.005408,-0.024820,0.007767
22.769875,1791354038.513667,0.007603,-0.878649,1.201293,-0.004678,-0.018634,0.006033
22.789405,1791354038.535136,0.007519,-0.878955,1.201394,-0.003669,-0.011925,0.003949
22.808979,1791354038.553683,0.007459,-0.879123,1.201443,-0.002358,-0.004831,0.000895
22.829246,1791354038.578883,-0.268781,-1.059419,1.136215,-0.215929,-0.135960,-0.041069
22.849147,1791354038.593231,-0.271562,-1.061096,1.135270,-0.214228,-0.129057,-0.044560
22.869284,1791354038.593231,-0.271562,-1.061096,1.135270,-0.214228,-0.129057,-0.044560
22.889446,1791354038.640915,-0.275835,-1.063618,1.134364,-0.212831,-0.123056,-0.045730
22.909060,1791354038.655325,-0.284063,-1.068198,1.132576,-0.193656,-0.103013,-0.043212
22.929371,1791354038.674374,-0.287707,-1.070066,1.131757,-0.169411,-0.082752,-0.039207
22.949509,1791354038.696837,-0.290757,-1.071443,1.131016,-0.134200,-0.053886,-0.035097
22.970238,1791354038.718948,-0.293005,-1.072169,1.130374,-0.089584,-0.018059,-0.029798
22.988834,1791354038.740847,-0.294297,-1.072141,1.129835,-0.038999,0.021038,-0.024126
23.009451,1791354038.752659,-0.294551,-1.071332,1.129403,0.013631,0.059489,-0.019272
23.029232,1791354038.777100,-0.293754,-1.069780,1.129065,0.065937,0.095140,-0.014052
23.049098,1791354038.793651,-0.291920,-1.067547,1.128860,0.117351,0.127786,-0.006015
23.069162,1791354038.816306,-0.289070,-1.064686,1.128831,0.167536,0.158002,0.003397
23.089104,1791354038.834456,-0.285226,-1.061235,1.128996,0.216834,0.186949,0.012974
23.108655,1791354038.834456,-0.285226,-1.061235,1.128996,0.216834,0.186949,0.012974
23.129353,1791354038.878977,-0.274607,-1.052607,1.129873,0.313655,0.244555,0.030809
23.149215,1791354038.893508,-0.267863,-1.047426,1.130584,0.360404,0.273416,0.040187
23.169039,1791354038.893508,-0.267863,-1.047426,1.130584,0.360404,0.273416,0.040187
23.188543,1791354038.894332,-0.260209,-1.041678,1.131485,0.404628,0.301119,0.050008
23.208684,1791354038.944088,-0.260209,-1.041678,1.131485,0.404628,0.301119,0.050008
23.229197,1791354038.976810,-0.251707,-1.035401,1.132570,0.445063,0.326258,0.059116
23.249417,1791354038.999016,-0.221967,-1.014050,1.136952,0.539202,0.379825,0.086457
23.269157,1791354039.019625,-0.210956,-1.006339,1.138765,0.561418,0.390973,0.095042
23.289737,1791354039.034109,-0.199541,-0.998427,1.140749,0.579537,0.399936,0.103400
23.309186,1791354039.053524,-0.187802,-0.990354,1.142893,0.593961,0.407116,0.111226
23.328926,1791354039.073503,-0.175808,-0.982156,1.145194,0.604992,0.412532,0.119038
23.349482,1791354039.092343,-0.163015,-0.973453,1.147779,0.612839,0.415976,0.126478
23.369391,1791354039.113723,-0.150719,-0.965125,1.150372,0.616325,0.416448,0.132778
23.388591,1791354039.136034,-0.138393,-0.956818,1.153096,0.615749,0.413817,0.139801
23.409179,1791354039.156520,-0.126120,-0.948596,1.155947,0.611099,0.408096,0.144959
23.429645,1791354039.178015,-0.113978,-0.940516,1.158891,0.602683,0.399581,0.148839
23.448711,1791354039.192991,-0.064746,-1.175880,1.158746,0.659029,-0.060114,0.136096
23.469441,1791354039.213281,-0.056116,-1.191709,1.159702,0.636819,-0.105114,0.132263
23.497505,1791354039.213281,-0.056116,-1.191709,1.159702,0.636819,-0.105114,0.132263
23.509084,1791354039.253671,-0.043543,-1.193993,1.162324,0.620159,-0.123000,0.129687
23.529345,1791354039.282448,-0.019583,-1.199324,1.167364,0.574950,-0.136695,0.123414
23.549451,1791354039.293380,-0.008378,-1.201938,1.169847,0.545153,-0.122888,0.124106
23.571288,1791354039.316655,0.003681,-1.217714,1.173594,0.515108,-0.123787,0.124726
23.588838,1791354039.333423,0.015145,-1.225850,1.177199,0.484017,-0.099248,0.122635
23.608639,1791354039.357059,0.024483,-1.227413,1.179585,0.449845,-0.056742,0.115525
23.629422,1791354039.377291,0.033909,-1.231343,1.182299,0.418183,-0.020590,0.106007
23.649199,1791354039.392856,0.041942,-1.231323,1.184299,0.385129,0.022600,0.093839
23.669444,1791354039.414042,0.037312,-1.231178,1.183355,0.321301,0.063851,0.072708
23.689294,1791354039.433308,0.043395,-1.229460,1.184644,0.286925,0.108187,0.056142
23.709675,1791354039.453343,0.048779,-1.226827,1.185607,0.251413,0.155387,0.039764
23.729199,1791354039.454132,0.053449,-1.223223,1.186241,0.215602,0.205388,0.023734
23.749304,1791354039.497853,0.069830,-1.217656,1.188000,0.214692,0.259633,0.012581
23.769378,1791354039.516179,0.083099,-1.210459,1.189021,0.207922,0.315861,0.001159
23.788862,1791354039.533068,0.096020,-1.201713,1.189561,0.204699,0.372441,-0.009717
23.809537,1791354039.556005,0.107307,-1.191945,1.189589,0.201314,0.426473,-0.022185
23.829157,1791354039.556005,0.107307,-1.191945,1.189589,0.201314,0.426473,-0.022185
23.848945,1791354039.589957,0.111110,-1.182947,1.189018,0.178949,0.473121,-0.034137
23.869283,1791354039.612651,0.134726,-1.160626,1.188213,0.182644,0.563629,-0.047872
23.888825,1791354039.633103,0.146557,-1.146487,1.187270,0.181709,0.608208,-0.054299
23.908783,1791354039.652940,0.149914,-1.133991,1.186130,0.153735,0.640805,-0.059488
23.929285,1791354039.675166,0.152693,-1.120892,1.184905,0.123968,0.668487,-0.062780
23.949453,1791354039.676022,0.154863,-1.107292,1.183632,0.093018,0.690929,-0.064290
23.988222,1791354039.720011,0.160201,-1.106814,1.183849,0.073083,0.666148,-0.059837
24.001625,1791354039.721306,0.161347,-1.093377,1.182659,0.041561,0.676915,-0.059353
24.009603,1791354039.757620,0.184949,-1.071381,1.181008,0.080351,0.708169,-0.060591
24.030236,1791354039.772766,0.205024,-1.047935,1.179211,0.106596,0.737700,-0.061895
24.050222,1791354039.798744,0.206872,-1.033182,1.178007,0.078368,0.737336,-0.058464
24.070403,1791354039.819364,0.208166,-1.018461,1.176865,0.051067,0.734403,-0.056009
24.089996,1791354039.838948,0.204394,-1.034191,1.178685,0.008400,0.635519,-0.045155
24.110441,1791354039.855040,0.204278,-1.021590,1.177809,-0.020187,0.624030,-0.042864
24.130265,1791354039.872682,0.203576,-1.009267,1.176973,-0.050161,0.607678,-0.041111
24.150596,1791354039.872682,0.203576,-1.009267,1.176973,-0.050161,0.607678,-0.041111
24.170107,1791354039.916737,0.228441,-0.979982,1.174607,-0.033359,0.579060,-0.045107
24.190378,1791354039.937973,0.257805,-0.937766,1.171612,0.022641,0.640073,-0.053389
24.210827,1791354039.952967,0.257982,-0.925204,1.170554,-0.004964,0.616168,-0.051762
24.230226,1791354039.973104,0.257864,-0.919102,1.170044,-0.018592,0.604255,-0.050201
24.250336,1791354039.992703,0.257221,-0.907256,1.169069,-0.045705,0.580179,-0.047354
24.270331,1791354040.012439,0.256033,-0.895906,1.168142,-0.073199,0.554554,-0.045559
24.290300,1791354040.037686,0.283659,-0.873397,1.166546,-0.021234,0.557687,-0.049455
24.310639,1791354040.052952,0.282949,-0.862552,1.165553,-0.049992,0.526298,-0.049891
24.330205,1791354040.052952,0.282949,-0.862552,1.165553,-0.049992,0.526298,-0.049891
24.350462,1791354040.092332,0.308597,-0.791211,1.159851,-0.033209,0.592460,-0.066131
24.370167,1791354040.115092,0.307614,-0.779730,1.158532,-0.065146,0.555439,-0.065772
24.390406,1791354040.136314,0.324655,-0.740866,1.155574,-0.048113,0.590390,-0.071974
24.410534,1791354040.152608,0.323373,-0.729435,1.154165,-0.079995,0.552428,-0.068619
24.430314,1791354040.172422,0.321459,-0.718781,1.152827,-0.111317,0.512691,-0.065254
24.450213,1791354040.198694,0.318921,-0.708952,1.151557,-0.142563,0.469522,-0.061804
24.470945,1791354040.212181,0.315752,-0.700029,1.150338,-0.174407,0.422215,-0.060582
24.500257,1791354040.234978,0.311934,-0.692098,1.149129,-0.207587,0.370319,-0.060925
24.510060,1791354040.256788,0.307438,-0.685242,1.147885,-0.242053,0.314940,-0.064044
24.530414,1791354040.272262,0.302240,-0.679523,1.146579,-0.277798,0.256642,-0.066592
24.550528,1791354040.300835,0.296327,-0.674982,1.145216,-0.313360,0.197406,-0.069318
24.570035,1791354040.321938,0.289713,-0.671627,1.143820,-0.347715,0.138162,-0.070182
24.594740,1791354040.336698,0.282435,-0.669445,1.142416,-0.379698,0.080201,-0.069731
24.609649,1791354040.359428,0.274546,-0.668405,1.141041,-0.408894,0.023949,-0.066827
24.630370,1791354040.374478,0.266101,-0.668472,1.139756,-0.435134,-0.030311,-0.061463
24.650189,1791354040.396694,0.257165,-0.669595,1.138573,-0.458093,-0.081888,-0.055924
24.670520,1791354040.413500,0.247797,-0.671735,1.137538,-0.478236,-0.131682,-0.047559
24.698307,1791354040.436957,0.238056,-0.674846,1.136674,-0.495467,-0.179187,-0.038195
24.710246,1791354040.436957,0.238056,-0.674846,1.136674,-0.495467,-0.179187,-0.038195
24.730233,1791354040.469963,0.217683,-0.683767,1.135560,-0.521242,-0.264557,-0.016413
24.750296,1791354040.492857,0.207173,-0.689432,1.135367,-0.529305,-0.301235,-0.002521
24.770260,1791354040.512189,0.196534,-0.695783,1.135463,-0.534056,-0.333324,0.012093
24.790705,1791354040.532840,0.185835,-0.702732,1.135848,-0.535487,-0.360995,0.026282
24.810895,1791354040.553313,0.175138,-0.710193,1.136505,-0.533720,-0.384560,0.039582
24.830430,1791354040.574117,0.164507,-0.718088,1.137443,-0.529093,-0.404460,0.054244
24.849797,1791354040.594001,0.153473,-0.726763,1.138748,-0.521266,-0.421065,0.070269
24.870252,1791354040.594947,0.143147,-0.735303,1.140300,-0.511083,-0.432393,0.084703
24.890584,1791354040.636769,0.133045,-0.744024,1.142114,-0.498866,-0.439152,0.096526
24.910303,1791354040.645347,0.123204,-0.752840,1.144155,-0.485155,-0.441891,0.106829
24.929893,1791354040.664871,0.123204,-0.752840,1.144155,-0.485155,-0.441891,0.106829
24.950390,1791354040.695311,0.104382,-0.770481,1.148669,-0.455590,-0.438721,0.116794
24.970327,1791354040.714240,0.095425,-0.779212,1.151021,-0.440063,-0.434067,0.118414
24.991371,1791354040.738248,0.086783,-0.787831,1.153394,-0.424105,-0.427594,0.118616
25.010068,1791354040.755357,0.078465,-0.796300,1.155760,-0.407493,-0.419067,0.118197
25.030393,1791354040.777956,0.070489,-0.804576,1.158122,-0.390051,-0.408214,0.117583
25.050326,1791354040.791743,0.062871,-0.812611,1.160455,-0.371595,-0.394980,0.115796
25.070233,1791354040.811662,0.055633,-0.820358,1.162746,-0.352135,-0.379511,0.112931
25.090291,1791354040.832071,0.048792,-0.827776,1.164961,-0.331872,-0.362067,0.108597
25.110405,1791354040.852048,0.042362,-0.834827,1.167082,-0.311018,-0.342813,0.103558
25.129923,1791354040.880573,0.036353,-0.841478,1.169093,-0.289915,-0.322207,0.097474
25.150520,1791354040.893230,0.030767,-0.847708,1.170984,-0.268725,-0.300699,0.091299
25.170772,1791354040.912116,0.025602,-0.853503,1.172747,-0.247743,-0.278781,0.085002
25.190874,1791354040.934493,0.020853,-0.858859,1.174378,-0.227301,-0.256902,0.077673
25.210370,1791354040.953512,0.016507,-0.863779,1.175863,-0.207369,-0.235054,0.071154
25.230380,1791354040.975456,0.012552,-0.868265,1.177212,-0.188195,-0.213626,0.063626
25.249905,1791354040.992282,0.008974,-0.872326,1.178414,-0.169608,-0.192481,0.056746
25.270413,1791354041.012021,0.005761,-0.875968,1.179472,-0.151767,-0.171818,0.048924
25.290468,1791354041.031477,0.002898,-0.879201,1.180367,-0.134630,-0.151535,0.040799
25.310563,1791354041.053218,-0.470939,0.031562,1.148517,-0.770794,1.162591,-0.139778
25.330178,1791354041.071042,-0.486284,0.055166,1.145623,-0.763819,1.197783,-0.149436
25.350219,1791354041.091563,-0.501496,0.079472,1.142578,-0.757452,1.232798,-0.154066
25.370097,1791354041.111785,-0.516570,0.104459,1.139511,-0.749599,1.265674,-0.151474
25.390114,1791354041.132100,-0.531432,0.130035,1.136542,-0.736236,1.291355,-0.144979
25.410510,1791354041.151587,-0.528579,0.134882,1.140498,-0.685422,1.272656,-0.124023
25.429455,1791354041.172024,-0.541938,0.160315,1.138068,-0.649858,1.269637,-0.120396
25.450596,1791354041.192222,-0.554475,0.185543,1.135674,-0.603295,1.252046,-0.120313
25.471008,1791354041.215250,-0.566007,0.210311,1.133238,-0.549470,1.223842,-0.123964
25.490038,1791354041.231648,-0.576418,0.234443,1.130735,-0.491269,1.188712,-0.126112
25.510341,1791354041.251906,-0.585649,0.257833,1.128203,-0.432002,1.149797,-0.127336
25.530088,1791354041.272971,-0.593700,0.280418,1.125642,-0.373074,1.108196,-0.128551
25.550416,1791354041.292665,-0.600568,0.302138,1.123065,-0.313695,1.063282,-0.129337
25.570336,1791354041.311864,-0.606241,0.322925,1.120451,-0.253548,1.014886,-0.132675
25.589712,1791354041.334756,-0.630320,0.279552,1.131736,-0.230057,0.836932,-0.107388
25.609853,1791354041.352919,-0.634283,0.295722,1.129527,-0.166112,0.779738,-0.114106
25.630253,1791354041.376171,-0.636947,0.310721,1.127183,-0.100328,0.719948,-0.120791
25.650282,1791354041.395015,-0.638294,0.324514,1.124682,-0.034341,0.659069,-0.129257
25.670439,1791354041.411289,-0.638320,0.337076,1.122017,0.031537,0.596886,-0.137129
25.690510,1791354041.431949,-0.637038,0.348385,1.119198,0.096680,0.533644,-0.144254
25.710783,1791354041.451890,-0.634459,0.358414,1.116255,0.160889,0.469232,-0.150344
25.730472,1791354041.451890,-0.634459,0.358414,1.116255,0.160889,0.469232,-0.150344
25.750450,1791354041.492142,-0.742752,0.251848,1.119478,0.056117,0.082593,-0.152931
25.770663,1791354041.519306,-0.760581,0.231099,1.117924,0.078048,-0.036599,-0.159514
25.790376,1791354041.532292,-0.776025,0.209430,1.115139,0.101961,-0.155446,-0.169059
25.810270,1791354041.554260,-0.773369,0.205605,1.111701,0.163663,-0.226996,-0.174939
25.830151,1791354041.575461,-0.785479,0.183168,1.108919,0.189137,-0.341308,-0.182299
25.850295,1791354041.593193,-0.781065,0.175629,1.105226,0.252289,-0.412496,-0.186852
25.870630,1791354041.611875,-0.775382,0.166675,1.101443,0.316004,-0.482871,-0.191387
25.889710,1791354041.640026,-0.768416,0.156313,1.097594,0.380647,-0.553299,-0.193366
25.910150,1791354041.655365,-0.785019,0.137582,1.098889,0.369686,-0.644381,-0.182703
25.932189,1791354041.655365,-0.785019,0.137582,1.098889,0.369686,-0.644381,-0.182703
25.950198,1791354041.697063,-0.804549,0.068245,1.090877,0.389023,-0.892741,-0.185077
25.972620,1791354041.697063,-0.804549,0.068245,1.090877,0.389023,-0.892741,-0.185077
25.990194,1791354041.733099,-0.845770,-0.026449,1.083524,0.326783,-1.173220,-0.179029
26.011055,1791354041.733932,-0.885130,-0.088928,1.080890,0.215874,-1.340719,-0.175138
26.030874,1791354041.774885,-0.880244,-0.116273,1.077550,0.273186,-1.392521,-0.158227
26.050409,1791354041.802355,-0.897240,-0.160419,1.075273,0.243840,-1.480630,-0.141965
26.070211,1791354041.821916,-0.891766,-0.190386,1.072660,0.303878,-1.514479,-0.118988
26.090149,1791354041.835706,-0.911912,-0.236577,1.071554,0.260666,-1.581069,-0.098752
26.117105,1791354041.835706,-0.911912,-0.236577,1.071554,0.260666,-1.581069,-0.098752
26.130270,1791354041.878201,-0.899102,-0.300258,1.068493,0.380028,-1.596300,-0.054377
26.150127,1791354041.879629,-0.953995,-0.381677,1.069779,0.199478,-1.731226,-0.041450
26.170189,1791354041.914169,-0.970158,-0.435422,1.070119,0.174140,-1.775590,-0.024619
26.189785,1791354041.937028,-0.966139,-0.470808,1.069814,0.227598,-1.762031,-0.006345
26.210550,1791354041.952810,-0.982334,-0.524004,1.070982,0.201180,-1.792793,0.008317
26.230854,1791354041.971248,-0.991719,-0.541046,1.073049,0.209470,-1.701944,0.033303
26.250200,1791354041.991037,-0.987001,-0.574729,1.073884,0.261983,-1.665124,0.048968
26.270351,1791354042.011281,-0.981232,-0.607575,1.075008,0.314659,-1.618236,0.062852
26.290357,1791354042.012137,-0.974407,-0.639396,1.076381,0.367438,-1.562816,0.073219
26.310722,1791354042.045938,-0.991041,-0.664043,1.078228,0.346561,-1.479930,0.078451
26.329583,1791354042.073935,-1.003171,-0.679408,1.079905,0.344082,-1.370778,0.080774
26.350076,1791354042.073935,-1.003171,-0.679408,1.079905,0.344082,-1.370778,0.080774
26.370017,1791354042.112593,-0.986781,-0.732787,1.083274,0.455631,-1.231861,0.082337
26.390198,1791354042.134254,-0.977118,-0.756734,1.084908,0.510316,-1.162797,0.080792
26.411361,1791354042.153929,-0.966368,-0.779304,1.086496,0.564374,-1.094037,0.077854
26.429884,1791354042.174435,-0.954545,-0.800504,1.088004,0.617663,-1.025799,0.072827
26.450356,1791354042.193017,-0.941659,-0.820336,1.089408,0.670775,-0.957156,0.067566
26.470022,1791354042.211110,-0.927705,-0.838780,1.090730,0.724264,-0.887157,0.064335
26.490315,1791354042.231098,-0.912691,-0.855824,1.091976,0.776958,-0.817114,0.060362
26.510071,1791354042.251061,-0.896627,-0.871465,1.093156,0.829140,-0.746969,0.057859
26.533295,1791354042.270641,-0.879534,-0.885718,1.094283,0.879931,-0.678667,0.054948
26.549792,1791354042.270641,-0.879534,-0.885718,1.094283,0.879931,-0.678667,0.054948
26.571086,1791354042.312640,-0.886031,-1.035240,1.090624,0.870859,-0.865121,0.041854
26.590682,1791354042.317952,-0.868155,-1.051989,1.091530,0.916395,-0.810382,0.049312
26.611647,1791354042.356002,-0.849397,-1.067681,1.092592,0.959036,-0.759230,0.056860
26.630365,1791354042.379736,-0.829814,-1.082364,1.093818,0.998844,-0.709060,0.065639
26.649947,1791354042.396979,-0.856677,-1.135089,1.094210,0.926667,-0.751595,0.068889
26.670367,1791354042.417770,-0.837822,-1.149590,1.095654,0.958497,-0.697791,0.076013
26.690253,1791354042.430788,-0.818363,-1.162964,1.097245,0.987006,-0.638878,0.082881
26.710339,1791354042.461198,-0.798362,-1.175102,1.098995,1.012717,-0.574273,0.092513
26.730165,1791354042.470614,-0.777877,-1.185911,1.100935,1.035471,-0.506286,0.101207
26.750081,1791354042.491186,-0.756961,-1.195342,1.103033,1.055885,-0.436627,0.108441
26.770338,1791354042.516308,-0.735656,-1.203378,1.105255,1.074461,-0.366972,0.113772
26.790696,1791354042.531190,-0.713997,-1.210019,1.107591,1.091157,-0.296962,0.120504
26.810201,1791354042.558724,-0.692033,-1.215254,1.110092,1.104860,-0.226730,0.129784
26.830191,1791354042.570550,-0.669830,-1.219094,1.112789,1.114912,-0.157387,0.140394
26.849903,1791354042.597902,-0.647467,-1.221554,1.115728,1.120863,-0.088735,0.153788
26.870620,1791354042.610684,-0.625026,-1.222643,1.118962,1.122772,-0.020082,0.169792
26.890172,1791354042.638420,-0.602582,-1.222354,1.122530,1.121347,0.049087,0.187362
26.910818,1791354042.652015,-0.580191,-1.220674,1.126466,1.117617,0.118741,0.205916
26.931407,1791354042.679987,-0.557891,-1.217616,1.130750,1.112393,0.186745,0.222297
26.949833,1791354042.691922,-0.172025,-1.661564,1.111106,1.854685,-0.698509,0.115709
26.970063,1791354042.722606,-0.048865,-1.786967,1.109020,2.021966,-0.903040,0.077549
26.990164,1791354042.732821,0.040284,-1.857119,1.109860,2.123308,-0.990503,0.066450
27.010672,1791354042.753823,0.082821,-1.876560,1.111418,2.129711,-0.953526,0.090275
27.030390,1791354042.770455,0.167571,-1.926549,1.114096,2.205931,-0.994873,0.101006
27.049566,1791354042.790779,0.238304,-1.963532,1.117283,2.238058,-1.000054,0.119883
27.070640,1791354042.821181,0.301704,-1.991737,1.121172,2.240833,-0.980163,0.137564
27.090206,1791354042.842241,0.357414,-2.015056,1.125154,2.205111,-0.939344,0.152800
27.109763,1791354042.850393,0.411878,-2.034148,1.129522,2.167590,-0.892071,0.162987
27.130335,1791354042.878759,0.463250,-2.050063,1.133948,2.121833,-0.837439,0.170361
27.150089,1791354042.890900,0.518254,-2.064585,1.138749,2.090810,-0.782780,0.172106
27.171285,1791354042.918616,0.567544,-2.076135,1.143269,2.051364,-0.721400,0.171298
27.190668,1791354042.918616,0.567544,-2.076135,1.143269,2.051364,-0.721400,0.171298
27.209702,1791354042.954401,0.668987,-2.089910,1.152439,1.996580,-0.570056,0.167931
27.229552,1791354042.973279,0.720653,-2.093055,1.156932,1.974856,-0.485469,0.165433
27.250271,1791354042.990777,0.770533,-2.092224,1.161239,1.947809,-0.390571,0.163379
27.270218,1791354043.010805,0.808857,-2.099430,1.164466,1.884150,-0.329957,0.159466
27.290555,1791354043.032717,0.850647,-2.094093,1.168424,1.829902,-0.231734,0.156469
27.310308,1791354043.050647,0.886562,-2.098140,1.171476,1.761469,-0.173133,0.148465
27.329993,1791354043.071201,0.921103,-2.101036,1.174345,1.692821,-0.116791,0.137946
27.349676,1791354043.091095,0.933009,-2.089963,1.177283,1.550408,-0.021334,0.128693
27.370067,1791354043.111732,0.948531,-2.077863,1.179407,1.427029,0.070886,0.115400
27.390605,1791354043.137050,1.006165,-2.051162,1.181031,1.448140,0.208183,0.097375
27.409734,1791354043.153140,1.059367,-2.024580,1.182333,1.457344,0.338074,0.074357
27.432505,1791354043.171575,1.087856,-2.017215,1.183648,1.391655,0.398544,0.056977
27.449727,1791354043.194633,1.136814,-1.986608,1.183903,1.393566,0.531135,0.031500
27.470005,1791354043.210451,1.189206,-1.952009,1.183407,1.405118,0.668647,0.007943
27.490324,1791354043.210451,1.189206,-1.952009,1.183407,1.405118,0.668647,0.007943
27.509943,1791354043.250173,1.283029,-1.881426,1.181357,1.402675,0.922276,-0.035029
27.530854,1791354043.270623,1.328340,-1.843758,1.179643,1.397203,1.040734,-0.054207
27.550159,1791354043.295014,1.355637,-1.822359,1.178487,1.332456,1.098644,-0.061221
27.569979,1791354043.300155,1.397245,-1.782085,1.176271,1.320342,1.209291,-0.075678
27.589981,1791354043.330560,1.438563,-1.739375,1.173702,1.309880,1.317250,-0.087595
27.609809,1791354043.351695,1.477332,-1.696726,1.171148,1.293968,1.413140,-0.095974
27.629812,1791354043.370899,1.502588,-1.668057,1.169266,1.231735,1.452793,-0.091852
27.650275,1791354043.395441,1.537401,-1.625042,1.166819,1.209689,1.527712,-0.091775
27.673654,1791354043.397676,1.560981,-1.594242,1.165085,1.148229,1.551333,-0.081535
27.690035,1791354043.431280,1.583547,-1.561509,1.164414,1.086678,1.570299,-0.068116
27.710580,1791354043.459009,1.623399,-1.505347,1.161221,1.089975,1.653495,-0.067509
27.729878,1791354043.470870,1.659913,-1.450683,1.158439,1.083759,1.721117,-0.065190
27.750307,1791354043.500190,1.694786,-1.395460,1.156016,1.072927,1.779508,-0.060088
27.770077,1791354043.510446,1.724576,-1.345364,1.154134,1.044589,1.812027,-0.049718
27.790009,1791354043.529301,1.744847,-1.309313,1.153325,0.982623,1.792014,-0.031338
27.810261,1791354043.549948,1.763889,-1.273738,1.152867,0.921697,1.764500,-0.014658
27.830095,1791354043.575980,1.781715,-1.238791,1.152745,0.860972,1.729158,0.002290
27.849843,1791354043.598973,1.799125,-1.202942,1.152965,0.797439,1.683967,0.017471
27.874670,1791354043.609905,1.803467,-1.186917,1.154779,0.701065,1.578469,0.035702
27.890304,1791354043.637378,1.816880,-1.155923,1.155581,0.640439,1.520077,0.043695
27.910273,1791354043.649855,1.843208,-1.087737,1.153055,0.625528,1.575757,0.035618
27.930148,1791354043.677306,1.855131,-1.056842,1.153783,0.567207,1.513506,0.036731
27.950236,1791354043.692693,1.871904,-1.003380,1.152358,0.529880,1.521760,0.030016
27.969593,1791354043.714375,1.856178,-1.029532,1.156108,0.400168,1.287503,0.045808
27.989885,1791354043.714375,1.856178,-1.029532,1.156108,0.400168,1.287503,0.045808
28.010410,1791354043.754133,1.870028,-0.980723,1.158007,0.292907,1.152266,0.048548
28.030636,1791354043.777673,1.875363,-0.958357,1.158948,0.240711,1.084385,0.045123
28.050353,1791354043.790190,1.879648,-0.937350,1.159819,0.187560,1.016388,0.042078
28.070102,1791354043.809925,1.887752,-0.894900,1.156316,0.144705,1.017528,0.027972
28.089993,1791354043.830019,1.890099,-0.875185,1.156849,0.089941,0.954437,0.025210
28.109963,1791354043.849900,1.891352,-0.856702,1.157321,0.035223,0.894283,0.022326
28.130773,1791354043.869732,1.891509,-0.839400,1.157756,-0.019626,0.836132,0.021885
28.150292,1791354043.891115,1.890574,-0.823247,1.158195,-0.073853,0.779358,0.022174
28.170587,1791354043.913397,1.888565,-0.808219,1.158629,-0.127017,0.723599,0.021145
28.189928,1791354043.937680,1.885501,-0.794296,1.159022,-0.179592,0.668787,0.018175
28.210176,1791354043.954432,1.881378,-0.781466,1.159353,-0.232780,0.614445,0.014642
28.230536,1791354043.969864,1.876183,-0.769716,1.159602,-0.287021,0.560651,0.010221
28.251086,1791354043.990940,1.869890,-0.759038,1.159761,-0.342635,0.507318,0.006009
28.270035,1791354044.009317,1.862471,-0.749419,1.159843,-0.399502,0.454806,0.002353
28.290095,1791354044.034117,1.853906,-0.740838,1.159861,-0.457275,0.403514,-0.000079
28.310019,1791354044.051117,1.844184,-0.733264,1.159830,-0.514945,0.354156,-0.003005
28.330429,1791354044.071450,1.833313,-0.726661,1.159736,-0.572164,0.306364,-0.006396
28.350491,1791354044.091482,1.821302,-0.721004,1.159578,-0.628884,0.259400,-0.009163
28.370183,1791354044.112428,1.808166,-0.716280,1.159365,-0.684535,0.213098,-0.012034
28.390023,1791354044.133389,1.793933,-0.712478,1.159095,-0.738618,0.167198,-0.014862
28.410144,1791354044.150354,1.778634,-0.709592,1.158779,-0.791101,0.121464,-0.016370
28.429883,1791354044.169844,1.762306,-0.707612,1.158440,-0.841445,0.076780,-0.017266
28.450799,1791354044.191949,1.744993,-0.706508,1.158102,-0.889589,0.033906,-0.015823
28.469658,1791354044.192803,1.726744,-0.706235,1.157817,-0.934904,-0.006236,-0.012085
28.490187,1791354044.226186,1.707619,-0.706737,1.157646,-0.977196,-0.043554,-0.004305
28.510456,1791354044.259728,1.687686,-0.707953,1.157651,-1.015633,-0.077680,0.005228
28.529890,1791354044.270499,1.667023,-0.709821,1.157866,-1.050076,-0.108717,0.016742
28.551634,1791354044.289994,1.645714,-0.712277,1.158317,-1.080346,-0.136531,0.028854
28.570490,1791354044.310249,1.623839,-0.715260,1.159016,-1.106678,-0.161386,0.041081
28.589729,1791354044.329837,1.600344,-0.718896,1.160001,-1.130444,-0.184428,0.052865
28.609873,1791354044.355183,1.577538,-0.722776,1.161157,-1.149831,-0.203263,0.062809
28.630378,1791354044.370738,1.554370,-0.727004,1.162516,-1.166627,-0.219160,0.073034
28.650362,1791354044.389674,1.530892,-0.731523,1.164078,-1.180838,-0.232320,0.082928
28.670229,1791354044.414617,1.507157,-0.736278,1.165817,-1.192325,-0.242906,0.091303
28.689528,1791354044.429791,1.483218,-0.741221,1.167721,-1.201282,-0.251141,0.098922
28.709955,1791354044.451552,1.459123,-0.746307,1.169778,-1.207879,-0.257147,0.106822
28.730608,1791354044.470598,1.434919,-0.751490,1.171984,-1.212251,-0.260940,0.113504
28.750372,1791354044.491231,1.410648,-0.756727,1.174309,-1.214714,-0.262391,0.118723
28.769783,1791354044.515800,1.386342,-0.761967,1.176736,-1.215631,-0.261281,0.124300
28.790368,1791354044.530259,1.362032,-0.767159,1.179277,-1.215205,-0.257653,0.129625
28.810256,1791354044.553708,1.337743,-0.772256,1.181907,-1.213578,-0.251856,0.133189
28.832557,1791354044.575976,1.313496,-0.777223,1.184584,-1.211118,-0.244665,0.134246
28.850055,1791354044.594479,1.289304,-0.782036,1.187268,-1.207993,-0.236514,0.134140
28.875437,1791354044.609885,0.804254,0.205823,1.110270,-1.800653,1.353083,-0.128121
28.890114,1791354044.610716,0.768193,0.233169,1.107693,-1.805490,1.381688,-0.128728
28.910125,1791354044.650214,0.749314,0.284986,1.107214,-1.775580,1.446722,-0.121596
28.930075,1791354044.669337,0.682580,0.339544,1.101398,-1.818231,1.518847,-0.123543
28.949918,1791354044.695741,0.646296,0.370092,1.099111,-1.809999,1.535921,-0.104832
28.969603,1791354044.716693,0.610296,0.400832,1.097206,-1.789785,1.537822,-0.086332
28.990452,1791354044.736893,0.616379,0.400283,1.097829,-1.679643,1.455688,-0.055275
29.010203,1791354044.756115,0.583239,0.429085,1.096842,-1.633648,1.423678,-0.044811
29.030036,1791354044.773905,0.517063,0.455553,1.098784,-1.653863,1.381231,-0.034731
29.049967,1791354044.790393,0.477052,0.478648,1.099578,-1.615343,1.323532,-0.022126
29.069885,1791354044.809566,0.445323,0.504596,1.099277,-1.557798,1.271029,-0.007940
29.090107,1791354044.829437,0.436087,0.509466,1.100498,-1.446745,1.162360,0.014636
29.110591,1791354044.854054,0.407710,0.532142,1.100929,-1.391260,1.104904,0.028008
29.130016,1791354044.870098,0.380430,0.553645,1.101599,-1.336621,1.045026,0.038563
29.150413,1791354044.895137,0.367601,0.553931,1.104278,-1.243343,0.924627,0.054546
29.170279,1791354044.910261,0.343305,0.571773,1.105447,-1.186285,0.859443,0.062158
29.190529,1791354044.928545,0.343978,0.562520,1.108148,-1.057808,0.712500,0.071667
29.209857,1791354044.948538,0.323385,0.576095,1.109629,-1.001930,0.644942,0.076660
29.230282,1791354044.980546,0.303877,0.588316,1.111214,-0.949505,0.577088,0.082052
29.250032,1791354044.995813,0.285366,0.599183,1.112887,-0.902495,0.509399,0.085427
29.270118,1791354045.011363,0.267738,0.608689,1.114621,-0.861246,0.441038,0.088016
29.289948,1791354045.040491,0.213250,0.583450,1.122351,-0.935922,0.273233,0.102846
29.309916,1791354045.064283,0.175220,0.565523,1.127770,-0.964881,0.133980,0.106347
29.330029,1791354045.076581,0.156164,0.567479,1.129857,-0.941013,0.061742,0.101904
29.350077,1791354045.089045,0.113438,0.542314,1.134648,-0.986678,-0.090940,0.096263
29.370902,1791354045.114058,0.093924,0.539783,1.136475,-0.964300,-0.161974,0.086612
29.390123,1791354045.132347,0.074889,0.535844,1.138114,-0.938749,-0.231783,0.077331
29.410287,1791354045.156474,0.051598,0.511380,1.140684,-0.924025,-0.357340,0.066028
29.430215,1791354045.171085,0.016144,0.478110,1.142920,-0.943742,-0.500822,0.049971
29.450304,1791354045.195046,-0.012661,0.448881,1.144384,-0.940290,-0.624508,0.032586
29.470272,1791354045.208688,-0.041214,0.419155,1.145574,-0.933349,-0.741075,0.014519
29.490798,1791354045.228541,-0.068365,0.388149,1.146003,-0.921955,-0.854109,-0.005976
29.510458,1791354045.251772,-0.086382,0.370407,1.145721,-0.879659,-0.919607,-0.022541
29.530158,1791354045.268803,-0.103542,0.351392,1.145096,-0.836232,-0.981523,-0.039630
29.550303,1791354045.289781,-0.120468,0.323419,1.145082,-0.793573,-1.063007,-0.051817
29.570147,1791354045.313845,-0.135859,0.301637,1.143952,-0.745055,-1.114622,-0.059924
29.589803,1791354045.331444,-0.150248,0.278900,1.142710,-0.693544,-1.158212,-0.063922
29.610050,1791354045.349860,-0.149941,0.268236,1.143033,-0.594909,-1.153695,-0.059469
29.629951,1791354045.350706,-0.161268,0.244877,1.141849,-0.537458,-1.181502,-0.058356
29.650390,1791354045.400224,-0.171423,0.221016,1.140719,-0.477790,-1.204043,-0.054375
29.670826,1791354045.412909,-0.171672,0.209738,1.141959,-0.389639,-1.183047,-0.042650
29.690787,1791354045.429067,-0.178857,0.185926,1.141130,-0.328811,-1.197853,-0.040151
29.710316,1791354045.449414,-0.184824,0.161843,1.140360,-0.267950,-1.210119,-0.036724
29.730016,1791354045.475000,-0.177769,0.163371,1.142103,-0.173807,-1.143619,-0.027839
29.749953,1791354045.491427,-0.180649,0.140456,1.141593,-0.114165,-1.147373,-0.022502
29.769726,1791354045.509686,-0.182349,0.117504,1.141210,-0.056116,-1.147293,-0.015121
29.790459,1791354045.530612,-0.182912,0.094583,1.141005,-0.000677,-1.144547,-0.005068
29.810225,1791354045.550489,-0.182407,0.071727,1.141007,0.050593,-1.141064,0.005522
29.830263,1791354045.568660,-0.180923,0.048933,1.141224,0.097044,-1.138414,0.016328
29.849903,1791354045.589140,-0.178563,0.026180,1.141647,0.138211,-1.137059,0.026404
29.870372,1791354045.589140,-0.178563,0.026180,1.141647,0.138211,-1.137059,0.026404
29.889890,1791354045.635131,-0.171631,-0.019275,1.143111,0.205317,-1.135523,0.047377
29.910198,1791354045.655049,-0.167250,-0.041970,1.144176,0.232213,-1.133791,0.059300
29.930280,1791354045.656389,-0.162372,-0.064621,1.145462,0.255217,-1.131169,0.069609
29.950518,1791354045.689050,-0.157065,-0.087212,1.146955,0.275027,-1.127852,0.079539
29.970822,1791354045.708777,-0.151394,-0.109733,1.148628,0.291727,-1.124196,0.087438
29.990302,1791354045.732373,-0.145419,-0.132180,1.150441,0.305317,-1.120598,0.093973
30.010412,1791354045.755894,-0.139205,-0.154560,1.152374,0.315580,-1.117473,0.099217
30.030143,1791354045.774750,-0.132823,-0.176883,1.154415,0.322212,-1.114901,0.104906
30.053237,1791354045.774750,-0.132823,-0.176883,1.154415,0.322212,-1.114901,0.104906
30.069899,1791354045.814375,-0.119846,-0.221408,1.158781,0.324518,-1.111730,0.113536
30.089947,1791354045.828720,-0.219871,-0.547110,1.149770,0.079563,-1.759213,0.055914
30.109812,1791354045.850888,-0.225422,-0.614884,1.151671,0.051427,-1.838075,0.049387
30.130191,1791354045.868437,-0.227661,-0.662368,1.153324,0.033370,-1.870407,0.048126
30.150943,1791354045.869322,-0.227085,-0.699817,1.154309,0.024230,-1.874103,0.050689
30.169696,1791354045.917147,-0.228024,-0.745278,1.156453,0.013752,-1.884610,0.056653
30.189867,1791354045.932316,-0.227369,-0.787275,1.158503,0.013737,-1.873667,0.063806
30.210269,1791354045.956996,-0.226034,-0.828475,1.160748,0.023213,-1.846944,0.070786
30.230574,1791354045.969732,-0.227731,-0.834699,1.161747,0.035783,-1.722516,0.077202
30.251185,1791354045.988965,-0.226805,-0.868587,1.163301,0.057283,-1.665798,0.077283
30.271199,1791354046.009111,-0.225412,-0.901310,1.164827,0.082078,-1.606487,0.074731
30.290860,1791354046.029373,-0.223517,-0.932855,1.166264,0.107187,-1.548219,0.068735
30.310479,1791354046.048697,-0.221133,-0.963255,1.167563,0.130993,-1.491935,0.061486
30.329890,1791354046.059215,-0.217297,-0.962626,1.169579,0.155922,-1.356787,0.056594
30.350256,1791354046.094110,-0.204918,-0.993517,1.172579,0.199442,-1.312346,0.052848
30.371040,1791354046.109737,-0.200739,-1.019187,1.173556,0.218342,-1.254319,0.044712
30.389814,1791354046.128921,-0.189802,-1.037986,1.175127,0.254762,-1.177023,0.038696
30.410397,1791354046.148803,-0.184504,-1.060889,1.175801,0.275241,-1.113138,0.028203
30.430787,1791354046.168195,-0.185701,-1.035452,1.175411,0.276428,-0.914954,0.009958
30.449625,1791354046.189323,-0.179960,-1.053061,1.175474,0.297472,-0.845968,-0.003671
30.471376,1791354046.213318,-0.173809,-1.069290,1.175273,0.317367,-0.776899,-0.015963
30.490014,1791354046.232698,-0.163995,-1.073117,1.176341,0.343319,-0.678278,-0.025170
30.509969,1791354046.248492,-0.140295,-1.093053,1.175417,0.404458,-0.631401,-0.037476
30.530389,1791354046.272481,-0.118688,-1.108884,1.174465,0.454536,-0.577756,-0.048563
30.550288,1791354046.296176,-0.098085,-1.121410,1.173249,0.497856,-0.519125,-0.059226
30.570879,1791354046.308360,-0.088051,-1.131164,1.171966,0.505070,-0.456199,-0.068889
30.589804,1791354046.328784,-0.058445,-1.140118,1.169848,0.566799,-0.393688,-0.079679
30.610393,1791354046.351865,-0.038428,-1.146913,1.167835,0.594677,-0.327906,-0.088872
30.630003,1791354046.377622,-0.019140,-1.152097,1.165506,0.615393,-0.260667,-0.097630
30.651081,1791354046.394758,-0.000164,-1.154795,1.163240,0.630230,-0.189638,-0.104606
30.670592,1791354046.420787,0.018058,-1.156070,1.160735,0.636654,-0.118598,-0.109831
30.690328,1791354046.428562,0.030616,-1.157791,1.158518,0.618295,-0.053718,-0.111720
30.710081,1791354046.448674,0.048250,-1.155789,1.155940,0.611657,0.016667,-0.114822
30.730314,1791354046.467692,0.053478,-1.153253,1.155238,0.558446,0.084057,-0.109419
30.750440,1791354046.490502,0.064287,-1.150958,1.153079,0.521867,0.145284,-0.106544
30.770028,1791354046.508696,0.074317,-1.147455,1.150983,0.480629,0.204713,-0.102891
30.789948,1791354046.530658,0.083481,-1.142785,1.148980,0.435431,0.261972,-0.097326
30.809830,1791354046.555776,0.091717,-1.137006,1.147081,0.387891,0.315546,-0.092067
30.830197,1791354046.568596,0.093791,-1.131374,1.148023,0.318263,0.362448,-0.077488
30.850342,1791354046.592694,0.099649,-1.123679,1.146541,0.267542,0.406313,-0.070509
30.870166,1791354046.608630,0.104487,-1.115162,1.145213,0.216186,0.444715,-0.061748
30.898551,1791354046.629283,0.108302,-1.105935,1.144058,0.165455,0.477251,-0.053567
30.910817,1791354046.660542,0.111114,-1.096111,1.143068,0.115929,0.504462,-0.045285
30.929568,1791354046.668659,0.132764,-1.091165,1.140361,0.129952,0.513098,-0.042256
30.950251,1791354046.692529,0.134922,-1.080711,1.139611,0.086310,0.531835,-0.032642
30.970284,1791354046.708954,0.136236,-1.069919,1.139047,0.045289,0.546980,-0.023357
30.989913,1791354046.728344,0.136747,-1.058857,1.138673,0.005986,0.558722,-0.013705
31.010429,1791354046.748219,0.136483,-1.047598,1.138503,-0.032160,0.566671,-0.003428
31.030488,1791354046.768748,0.135468,-1.036223,1.138531,-0.069191,0.570288,0.006125
31.050295,1791354046.788841,0.133726,-1.024820,1.138737,-0.104925,0.569454,0.014682
31.071028,1791354046.819088,0.131284,-1.013478,1.139117,-0.138977,0.564288,0.023071
31.089647,1791354046.828469,0.128185,-1.002277,1.139654,-0.170588,0.555479,0.030866
31.109939,1791354046.855750,0.124484,-0.991281,1.140351,-0.199067,0.543828,0.038655
31.130438,1791354046.869014,0.120251,-0.980541,1.141195,-0.223684,0.529902,0.045957
31.150162,1791354046.896530,0.115570,-0.970097,1.142163,-0.243896,0.514408,0.050563
31.170140,1791354046.918221,0.110525,-0.959976,1.143214,-0.260187,0.497498,0.054467
31.190259,1791354046.938289,0.105188,-0.950208,1.144336,-0.273167,0.479094,0.057918
31.210321,1791354046.963110,0.099619,-0.940825,1.145518,-0.283472,0.459134,0.059960
31.230652,1791354046.964585,0.093868,-0.931854,1.146724,-0.291350,0.437761,0.060099
31.250036,1791354046.991695,0.087982,-0.923324,1.147915,-0.297051,0.415110,0.059214
31.270478,1791354047.008630,0.082003,-0.915256,1.149078,-0.300555,0.391600,0.057035
31.290262,1791354047.029114,0.075976,-0.907665,1.150194,-0.301979,0.367443,0.054291
31.310232,1791354047.047837,0.069941,-0.900561,1.151253,-0.301337,0.342965,0.051700
31.330431,1791354047.069588,0.063938,-0.893946,1.152255,-0.298735,0.318531,0.048534
31.349766,1791354047.087496,0.058005,-0.887819,1.153189,-0.294391,0.294183,0.044762
31.370450,1791354047.123594,0.052176,-0.882179,1.154049,-0.288286,0.269854,0.040972
31.390980,1791354047.140336,0.046485,-0.877024,1.154819,-0.280608,0.245583,0.036060
31.410171,1791354047.147585,0.040966,-0.872356,1.155497,-0.271116,0.221169,0.031754
31.430332,1791354047.167614,0.035651,-0.868176,1.156076,-0.260220,0.196899,0.026209
31.450224,1791354047.190647,0.030567,-0.864478,1.156542,-0.248200,0.172941,0.019857
31.470542,1791354047.211640,0.025730,-0.861255,1.156879,-0.235398,0.149438,0.013807
31.490710,1791354047.227625,0.021155,-0.858496,1.157096,-0.222039,0.126531,0.008148
31.510104,1791354047.251997,0.016852,-0.856187,1.157203,-0.208220,0.104446,0.002711
31.530041,1791354047.269511,0.012829,-0.854311,1.157202,-0.194040,0.083332,-0.003190
31.550723,1791354047.292511,0.009094,-0.852846,1.157081,-0.179499,0.063306,-0.008934
31.569718,1791354047.307923,0.005653,-0.851770,1.156853,-0.164538,0.044424,-0.013636
31.590048,1791354047.337568,0.002364,-0.851031,1.156508,-0.148627,0.026143,-0.018936
31.610077,1791354047.347540,0.162983,-0.631243,1.100820,0.141857,0.375714,-0.111286
31.631871,1791354047.371370,0.166009,-0.623824,1.098559,0.160706,0.366410,-0.114821
31.650245,1791354047.388330,0.169410,-0.616580,1.096270,0.179281,0.357993,-0.113257
31.670188,1791354047.418965,0.185681,-0.595034,1.090439,0.217612,0.371867,-0.112214
31.690887,1791354047.428907,0.190165,-0.587734,1.088305,0.229938,0.357236,-0.101348
31.710027,1791354047.454221,0.192480,-0.584214,1.087319,0.233140,0.346741,-0.096039
31.730285,1791354047.467360,0.197145,-0.577553,1.085498,0.232022,0.318099,-0.086519
31.750500,1791354047.488072,0.201676,-0.571569,1.083861,0.219767,0.279251,-0.078325
31.771373,1791354047.507394,0.205856,-0.566444,1.082369,0.197065,0.232508,-0.071507
31.791031,1791354047.508204,0.209499,-0.562301,1.081006,0.166385,0.181406,-0.065265
31.809811,1791354047.551684,0.202001,-0.559688,1.077643,0.110892,0.128422,-0.062151
31.830601,1791354047.567199,0.203840,-0.557645,1.076483,0.072845,0.075876,-0.053528
31.850273,1791354047.588211,0.204912,-0.556648,1.075505,0.034485,0.023751,-0.044369
31.870948,1791354047.622921,0.199566,-0.558079,1.074678,-0.015148,-0.031627,-0.034614
31.890030,1791354047.627495,0.198878,-0.559248,1.074069,-0.053663,-0.085638,-0.026187
31.909955,1791354047.647741,0.197415,-0.561515,1.073623,-0.092602,-0.141265,-0.018595
31.930727,1791354047.667425,0.195169,-0.564906,1.073327,-0.132018,-0.197910,-0.011156
31.950418,1791354047.691687,0.192134,-0.569426,1.073172,-0.171222,-0.253854,-0.004567
31.984852,1791354047.709068,0.188326,-0.575045,1.073149,-0.209392,-0.307851,0.002945
31.991295,1791354047.742736,0.183772,-0.581715,1.073287,-0.245660,-0.358585,0.011229
32.009854,1791354047.747233,0.178519,-0.589360,1.073608,-0.279311,-0.405506,0.021690
32.030984,1791354047.771533,0.172624,-0.597904,1.074163,-0.309712,-0.448239,0.034298
32.050604,1791354047.787512,0.166156,-0.607259,1.074985,-0.336568,-0.486651,0.048043
32.087487,1791354047.809671,0.159185,-0.617340,1.076087,-0.360056,-0.520986,0.062186
32.105583,1791354047.809671,0.159185,-0.617340,1.076087,-0.360056,-0.520986,0.062186
32.110099,1791354047.861683,0.151780,-0.628069,1.077444,-0.380039,-0.551505,0.074087
32.129683,1791354047.873016,0.135947,-0.651186,1.080826,-0.409312,-0.602082,0.094613
32.150510,1791354047.895530,0.127664,-0.663427,1.082827,-0.418522,-0.621417,0.105456
32.189128,1791354047.909316,0.119231,-0.676005,1.085042,-0.424426,-0.635664,0.116133
32.191751,1791354047.910159,0.110709,-0.688813,1.087463,-0.427355,-0.644539,0.126122
32.210830,1791354047.949757,0.102159,-0.701747,1.090084,-0.427287,-0.648209,0.135933
32.231651,1791354047.975736,0.093639,-0.714707,1.092884,-0.424378,-0.647217,0.143634
32.250927,1791354047.987280,0.085203,-0.727604,1.095819,-0.418963,-0.642040,0.149619
32.271132,1791354048.020780,0.076897,-0.740360,1.098858,-0.411420,-0.633150,0.153985
32.290756,1791354048.031958,0.068761,-0.752906,1.101966,-0.401962,-0.621021,0.156734
32.311139,1791354048.054453,0.060832,-0.765179,1.105125,-0.390694,-0.606010,0.158942
32.331358,1791354048.067311,0.052769,-0.777714,1.108469,-0.377005,-0.587542,0.159100
32.351980,1791354048.087843,0.045372,-0.789268,1.111628,-0.362489,-0.567548,0.156685
32.371191,1791354048.108519,0.038281,-0.800398,1.114733,-0.346563,-0.545149,0.153368
32.391978,1791354048.129400,0.031521,-0.811056,1.117763,-0.329239,-0.520488,0.149292
32.411380,1791354048.148472,-0.202956,-0.849909,1.105574,-0.728194,-0.543053,0.107245
32.431563,1791354048.170868,-0.217384,-0.860504,1.107655,-0.714435,-0.516271,0.100880
32.451583,1791354048.188036,-0.231525,-0.870551,1.109613,-0.699573,-0.488241,0.095050
32.470927,1791354048.207191,-0.254574,-0.868788,1.106418,-0.698937,-0.438154,0.080663
32.492598,1791354048.230187,-0.268334,-0.877245,1.107976,-0.676436,-0.407449,0.074531
32.511489,1791354048.248378,-0.281566,-0.885069,1.109400,-0.646029,-0.374810,0.067033
32.531116,1791354048.276697,-0.294098,-0.892214,1.110670,-0.606235,-0.339404,0.059412
32.550992,1791354048.287500,-0.325027,-0.907729,1.110508,-0.596367,-0.319188,0.047241
32.574284,1791354048.313805,-0.344428,-0.919183,1.110389,-0.558842,-0.290876,0.035901
32.591557,1791354048.329487,-0.359715,-0.928120,1.110602,-0.511168,-0.258496,0.026209
32.611587,1791354048.350875,-0.371024,-0.934073,1.111132,-0.456603,-0.222801,0.017026
32.631214,1791354048.367140,-0.379572,-0.938163,1.111385,-0.398199,-0.186318,0.008489
32.651489,1791354048.387575,-0.386952,-0.941540,1.111473,-0.339865,-0.151579,0.000309
32.671295,1791354048.411178,-0.393165,-0.944237,1.111390,-0.281405,-0.118233,-0.008804
32.691557,1791354048.426894,-0.390979,-0.943449,1.110647,-0.202859,-0.078017,-0.017694
32.710967,1791354048.454740,-0.391941,-0.944224,1.109963,-0.063522,-0.009397,-0.034129
32.731640,1791354048.466351,-0.391941,-0.944224,1.109963,-0.063522,-0.009397,-0.034129
32.751429,1791354048.493302,-0.392546,-0.944090,1.109192,0.003178,0.022612,-0.042923
32.772132,1791354048.510875,-0.391804,-0.943332,1.108253,0.071294,0.052937,-0.050489
32.792155,1791354048.529525,-0.386152,-0.941635,1.108222,0.149893,0.081734,-0.054581
32.811065,1791354048.549937,-0.382471,-0.939750,1.107070,0.218247,0.106365,-0.059986
32.831972,1791354048.571493,-0.377429,-0.937404,1.105833,0.285866,0.127899,-0.063050
32.851613,1791354048.586837,-0.371050,-0.934657,1.104554,0.351758,0.146394,-0.064440
32.871820,1791354048.608219,-0.363375,-0.931567,1.103273,0.415346,0.162236,-0.063220
32.890951,1791354048.627202,-0.354460,-0.928185,1.102041,0.475708,0.175694,-0.059093
32.910759,1791354048.648439,-0.344384,-0.924558,1.100901,0.531308,0.186708,-0.054154
32.931255,1791354048.667007,-0.333242,-0.920734,1.099900,0.582251,0.195410,-0.045227
32.951343,1791354048.688465,-0.321136,-0.916760,1.099097,0.627536,0.201726,-0.034678
32.972680,1791354048.708888,-0.308187,-0.912682,1.098502,0.666727,0.205779,-0.024432
32.991423,1791354048.730440,-0.294510,-0.908543,1.098123,0.700170,0.207953,-0.013603
33.011504,1791354048.730440,-0.294510,-0.908543,1.098123,0.700170,0.207953,-0.013603
33.031364,1791354048.780346,-0.265419,-0.900196,1.098015,0.751164,0.208836,0.008451
33.050801,1791354048.787930,-0.250211,-0.896026,1.098292,0.768960,0.208082,0.019350
33.071326,1791354048.806881,-0.233920,-0.891671,1.098830,0.781801,0.206610,0.031736
33.091823,1791354048.831892,-0.202462,-0.883509,1.100567,0.787116,0.200695,0.055592
33.111419,1791354048.846524,-0.202462,-0.883509,1.100567,0.787116,0.200695,0.055592
33.131435,1791354048.867473,-0.186784,-0.879548,1.101800,0.779930,0.195079,0.067453
33.151571,1791354048.869007,-0.171308,-0.875723,1.103253,0.766932,0.187098,0.077557
33.172377,1791354048.903520,-0.171308,-0.875723,1.103253,0.766932,0.187098,0.077557
33.191852,1791354048.936479,-0.141380,-0.868659,1.106699,0.727179,0.165230,0.093667
33.211004,1791354048.936479,-0.141380,-0.868659,1.106699,0.727179,0.165230,0.093667
33.231115,1791354048.984683,-0.127084,-0.865476,1.108621,0.701937,0.152956,0.098902
33.251361,1791354048.991498,-0.100154,-0.859851,1.112754,0.643109,0.128518,0.106659
33.271599,1791354049.006886,-0.087618,-0.857397,1.114916,0.610282,0.116947,0.109402
33.291175,1791354049.028963,-0.075754,-0.855168,1.117108,0.575857,0.105954,0.109676
33.311319,1791354049.050057,-0.064595,-0.853155,1.119301,0.539876,0.095354,0.109859
33.331191,1791354049.069708,-0.031418,-1.001158,1.119388,0.545407,-0.198379,0.098538
33.351471,1791354049.086855,0.007695,-1.035876,1.124328,0.562374,-0.270832,0.098136
33.371243,1791354049.087548,0.018588,-1.041435,1.126243,0.526952,-0.285007,0.093374
33.391032,1791354049.138947,0.041148,-1.061293,1.130474,0.514611,-0.324226,0.090814
33.411296,1791354049.149021,0.053501,-1.070701,1.132603,0.482071,-0.336143,0.085363
33.431524,1791354049.166831,0.064252,-1.078552,1.134875,0.444826,-0.335192,0.081813
33.451776,1791354049.191247,0.072691,-1.084961,1.136707,0.401748,-0.320546,0.076369
33.471463,1791354049.207551,0.080279,-1.091139,1.138165,0.356988,-0.296213,0.069014
33.491254,1791354049.228702,0.086665,-1.095912,1.139647,0.311097,-0.261993,0.060680
33.511579,1791354049.230713,0.091597,-1.099796,1.140547,0.264596,-0.222018,0.049380
33.531896,1791354049.271605,0.096459,-1.103835,1.141406,0.221915,-0.181683,0.035815
33.551468,1791354049.286830,0.099898,-1.105188,1.142088,0.178729,-0.133968,0.022868
33.571367,1791354049.306978,0.102381,-1.105163,1.142391,0.136300,-0.083678,0.008731
33.591250,1791354049.328963,0.103736,-1.104076,1.142262,0.093509,-0.031517,-0.005369
33.611048,1791354049.350321,0.102926,-1.102856,1.141789,0.047342,0.019181,-0.018475
33.632190,1791354049.350321,0.102926,-1.102856,1.141789,0.047342,0.019181,-0.018475
33.651300,1791354049.391898,0.102608,-1.096586,1.140425,-0.028745,0.124853,-0.041763
33.671486,1791354049.412205,0.100398,-1.086575,1.139118,-0.066234,0.195129,-0.052237
33.691079,1791354049.427020,0.098765,-1.082207,1.137998,-0.096609,0.241531,-0.059237
33.710890,1791354049.449443,0.095821,-1.073007,1.136258,-0.126060,0.298607,-0.065765
33.731404,1791354049.470068,0.089528,-1.056134,1.133322,-0.173852,0.388200,-0.072467
33.750955,1791354049.487025,0.085841,-1.048035,1.131861,-0.194595,0.421124,-0.073504
33.771396,1791354049.506135,0.085841,-1.048035,1.131861,-0.194595,0.421124,-0.073504
33.791106,1791354049.526862,0.081756,-1.039329,1.130395,-0.213712,0.448819,-0.073099
33.811260,1791354049.548526,0.080598,-1.035059,1.129893,-0.220497,0.454739,-0.067856
33.831224,1791354049.574796,0.076032,-1.025792,1.128581,-0.235787,0.471400,-0.062789
33.851482,1791354049.594079,0.069826,-1.006557,1.125937,-0.252452,0.512619,-0.062244
33.871054,1791354049.620336,0.064199,-0.988004,1.124308,-0.263758,0.545956,-0.058629
33.893742,1791354049.620336,0.064199,-0.988004,1.124308,-0.263758,0.545956,-0.058629
33.911605,1791354049.652368,0.053025,-0.958871,1.120386,-0.276049,0.573596,-0.052517
33.931304,1791354049.678540,0.047490,-0.947412,1.119415,-0.277118,0.571853,-0.044971
33.951140,1791354049.687177,0.041964,-0.936028,1.118592,-0.275110,0.565977,-0.037212
33.971768,1791354049.716527,0.031175,-0.913858,1.117410,-0.262739,0.539158,-0.022199
33.992049,1791354049.727383,0.033671,-0.912093,1.115904,-0.231156,0.492190,-0.019893
34.010881,1791354049.745923,0.033671,-0.912093,1.115904,-0.231156,0.492190,-0.019893
34.031440,1791354049.769407,0.024886,-0.893478,1.115300,-0.207424,0.436348,-0.010907
34.051428,1791354049.786832,0.023183,-0.884361,1.114038,-0.187802,0.406290,-0.010197
34.071424,1791354049.807021,0.016600,-0.866050,1.111062,-0.182158,0.402213,-0.013926
34.091767,1791354049.825912,0.016600,-0.866050,1.111062,-0.182158,0.402213,-0.013926
34.111157,1791354049.849202,0.016456,-0.863388,1.110888,-0.158896,0.355097,-0.009902
34.131398,1791354049.870441,0.013421,-0.856622,1.110730,-0.144537,0.321545,-0.005971
34.151333,1791354049.888923,0.008223,-0.845106,1.110639,-0.115299,0.254124,0.000561
34.171052,1791354049.908264,0.006064,-0.840365,1.110675,-0.100640,0.219802,0.003317
34.190969,1791354049.926222,0.006064,-0.840365,1.110675,-0.100640,0.219802,0.003317
34.211726,1791354049.960085,0.002586,-0.828532,1.106771,-0.072885,0.163201,-0.003227
34.231454,1791354049.966812,0.001260,-0.825597,1.106737,-0.059850,0.130504,-0.000197
34.251364,1791354049.986938,0.000187,-0.823300,1.106755,-0.047538,0.099303,0.002564
34.271790,1791354050.005904,0.000187,-0.823300,1.106755,-0.047538,0.099303,0.002564
34.292453,1791354050.031937,-0.000646,-0.821614,1.106839,-0.035824,0.069551,0.005766
34.311684,1791354050.048905,-0.001250,-0.820509,1.106998,-0.024716,0.041088,0.009931
34.331276,1791354050.074813,-0.001640,-0.819960,1.107239,-0.014334,0.014033,0.014118
34.351052,1791354050.096783,-0.001831,-0.819936,1.107549,-0.004915,-0.011433,0.017029
34.370860,1791354050.108601,-0.001844,-0.820405,1.107918,0.003440,-0.035252,0.019840
34.393012,1791354050.134180,-0.001701,-0.821333,1.108354,0.010666,-0.057319,0.023851
34.411677,1791354050.150889,-0.001426,-0.822682,1.108862,0.016698,-0.077253,0.027242
34.431311,1791354050.169187,-0.000564,-0.826461,1.110074,0.025915,-0.110275,0.033554
34.452096,1791354050.205706,-0.000010,-0.828799,1.110769,0.029421,-0.123199,0.036317
34.472005,1791354050.205706,-0.000010,-0.828799,1.110769,0.029421,-0.123199,0.036317
34.496838,1791354050.205706,-0.000010,-0.828799,1.110769,0.029421,-0.123199,0.036317
34.511007,1791354050.260191,0.001280,-0.834134,1.112338,0.034569,-0.142188,0.041471
34.531473,1791354050.268172,0.001984,-0.837045,1.113193,0.035817,-0.148577,0.044006
34.551366,1791354050.294239,0.003441,-0.843148,1.115044,0.036620,-0.155378,0.048188
34.571478,1791354050.306963,0.004206,-0.846420,1.116068,0.036154,-0.156081,0.049213
34.591274,1791354050.325563,0.004206,-0.846420,1.116068,0.036154,-0.156081,0.049213
34.611925,1791354050.348799,0.005608,-0.852609,1.118080,0.033703,-0.152342,0.051002
34.631290,1791354050.365831,0.005608,-0.852609,1.118080,0.033703,-0.152342,0.051002
34.650928,1791354050.388549,0.006876,-0.858518,1.120124,0.029445,-0.142092,0.050943
34.671497,1791354050.405794,0.006876,-0.858518,1.120124,0.029445,-0.142092,0.050943
34.691825,1791354050.431486,0.007946,-0.863899,1.122135,0.023901,-0.126231,0.049808
34.710875,1791354050.445714,0.007946,-0.863899,1.122135,0.023901,-0.126231,0.049808
34.730644,1791354050.483298,0.008394,-0.866330,1.123119,0.020905,-0.116784,0.048580
34.751414,1791354050.485083,0.008782,-0.868566,1.124069,0.017864,-0.106728,0.046370
34.771677,1791354050.517597,0.009109,-0.870596,1.124973,0.014852,-0.096216,0.044266
34.792823,1791354050.528990,0.009581,-0.874017,1.126634,0.008750,-0.074760,0.038815
34.811541,1791354050.545218,0.009581,-0.874017,1.126634,0.008750,-0.074760,0.038815
34.830845,1791354050.568957,-0.088963,-0.852800,1.113323,-0.169286,-0.023652,0.011795
34.851589,1791354050.595187,-0.109422,-0.849346,1.110599,-0.205619,-0.005222,0.003955
34.871406,1791354050.609139,-0.120492,-0.849644,1.110247,-0.218840,0.015835,0.002293
34.891717,1791354050.626758,-0.124857,-0.849236,1.110298,-0.216901,0.024850,0.002780
34.911883,1791354050.647294,-0.127366,-0.848765,1.109860,-0.204572,0.031993,0.002607
34.930852,1791354050.665766,-0.127366,-0.848765,1.109860,-0.204572,0.031993,0.002607
34.951522,1791354050.689381,-0.134888,-0.847257,1.109968,-0.167798,0.042811,0.003120
34.971375,1791354050.706452,-0.134888,-0.847257,1.109968,-0.167798,0.042811,0.003120
34.992012,1791354050.744990,-0.139803,-0.848484,1.109545,-0.113400,0.042153,0.001484
35.011095,1791354050.744990,-0.139803,-0.848484,1.109545,-0.113400,0.042153,0.001484
35.031050,1791354050.771238,-0.142772,-0.849569,1.109186,-0.087715,0.038207,0.000558
35.051624,1791354050.797380,-0.144854,-0.850601,1.108914,-0.061210,0.032539,0.000401
35.071095,1791354050.810592,-0.146098,-0.851714,1.108680,-0.034164,0.024801,0.000669
35.091519,1791354050.830095,-0.146664,-0.852790,1.108530,-0.006758,0.016256,0.000558
35.126728,1791354050.849195,-0.146560,-0.853960,1.108416,0.021293,0.007161,0.000348
35.130498,1791354050.850098,-0.145877,-0.855328,1.108255,0.049816,-0.001994,0.000074
35.151582,1791354050.890521,-0.144592,-0.855410,1.108260,0.078674,-0.006052,0.000670
35.171810,1791354050.925216,-0.140714,-0.856521,1.108215,0.133673,-0.014451,0.003855
35.191324,1791354050.945341,-0.137779,-0.856839,1.108314,0.159644,-0.017302,0.006077
35.210911,1791354050.945341,-0.137779,-0.856839,1.108314,0.159644,-0.017302,0.006077
35.231507,1791354050.985144,-0.132704,-0.859426,1.108453,0.198113,-0.029317,0.011089
35.251004,1791354051.005745,-0.128545,-0.860046,1.108694,0.217642,-0.032636,0.013308
35.271515,1791354051.025728,-0.124015,-0.860730,1.108988,0.234963,-0.035691,0.015975
35.291222,1791354051.025728,-0.124015,-0.860730,1.108988,0.234963,-0.035691,0.015975
35.323021,1791354051.061701,-0.122067,-0.863840,1.109419,0.240855,-0.045806,0.020343
35.330964,1791354051.078455,-0.117121,-0.864780,1.109863,0.253437,-0.048073,0.024113
35.351611,1791354051.086960,-0.116314,-0.867103,1.110229,0.250262,-0.053728,0.027661
35.371441,1791354051.124886,-0.105990,-0.869290,1.111478,0.264801,-0.055190,0.034548
35.396698,1791354051.124886,-0.105990,-0.869290,1.111478,0.264801,-0.055190,0.034548
35.411018,1791354051.162149,-0.100645,-0.870392,1.112191,0.269563,-0.054967,0.036736
35.431435,1791354051.185526,-0.089735,-0.872552,1.113789,0.275085,-0.052612,0.042849
35.451517,1791354051.185526,-0.089735,-0.872552,1.113789,0.275085,-0.052612,0.042849
35.471379,1791354051.210437,-0.084224,-0.873583,1.114663,0.275906,-0.050485,0.044565
35.493405,1791354051.245185,-0.073220,-0.875489,1.116475,0.273417,-0.044425,0.046243
35.510964,1791354051.245185,-0.073220,-0.875489,1.116475,0.273417,-0.044425,0.046243
35.531642,1791354051.285263,-0.062434,-0.877115,1.118340,0.264904,-0.036736,0.046492
35.551750,1791354051.304957,-0.057199,-0.877810,1.119265,0.258410,-0.032766,0.045809
35.571541,1791354051.305754,-0.052106,-0.878425,1.120172,0.250700,-0.028795,0.044959
35.591630,1791354051.325846,-0.052106,-0.878425,1.120172,0.250700,-0.028795,0.044959
35.611025,1791354051.349151,-0.047178,-0.878960,1.121059,0.241979,-0.024680,0.043895
35.631734,1791354051.385292,-0.037886,-0.879770,1.122777,0.222248,-0.015606,0.041814
35.651212,1791354051.385292,-0.037886,-0.879770,1.122777,0.222248,-0.015606,0.041814
35.670968,1791354051.415103,-0.018196,-0.911770,1.126133,0.246581,-0.083049,0.045731
35.691423,1791354051.445034,-0.003681,-0.922121,1.129518,0.236414,-0.091524,0.044539
35.710990,1791354051.465236,0.000936,-0.923916,1.130379,0.225119,-0.087851,0.041800
35.742980,1791354051.465236,0.000936,-0.923916,1.130379,0.225119,-0.087851,0.041800
35.751016,1791354051.498062,0.007155,-0.930507,1.130226,0.216703,-0.093946,0.036304
35.774225,1791354051.498062,0.007155,-0.930507,1.130226,0.216703,-0.093946,0.036304
