t_rel,state_stamp,x,y,z,vx,vy,vz
6.004914,1783997363.164416,3.000000,-0.000000,1.166782,0.000000,-0.000000,-0.029422
6.034209,1783997363.185292,3.000000,-0.000000,1.166249,0.000000,-0.000000,-0.027868
6.050167,1783997363.210432,3.000000,-0.000000,1.165521,0.000000,-0.000000,-0.028295
6.060721,1783997363.231121,3.000000,-0.000000,1.165220,0.000000,-0.000000,-0.022801
6.073288,1783997363.231121,3.000000,-0.000000,1.165220,0.000000,-0.000000,-0.022801
6.085798,1783997363.255070,3.000000,-0.000000,1.164718,0.000000,-0.000000,-0.022069
6.097662,1783997363.255070,3.000000,-0.000000,1.164718,0.000000,-0.000000,-0.022069
6.107871,1783997363.275337,3.000000,-0.000000,1.164179,0.000000,-0.000000,-0.023873
6.123057,1783997363.295295,3.000000,-0.000000,1.163716,0.000000,-0.000000,-0.023604
6.133381,1783997363.295295,3.000000,-0.000000,1.163716,0.000000,-0.000000,-0.023604
6.143638,1783997363.315644,3.000000,-0.000000,1.163272,0.000000,-0.000000,-0.022889
6.156678,1783997363.315644,3.000000,-0.000000,1.163272,0.000000,-0.000000,-0.022889
6.166732,1783997363.334288,3.000000,-0.000000,1.162830,0.000000,-0.000000,-0.023227
6.176833,1783997363.334288,3.000000,-0.000000,1.162830,0.000000,-0.000000,-0.023227
6.188179,1783997363.355520,3.000000,-0.000000,1.162403,0.000000,-0.000000,-0.021976
6.198241,1783997363.355520,3.000000,-0.000000,1.162403,0.000000,-0.000000,-0.021976
6.208435,1783997363.376239,3.000000,-0.000000,1.161989,0.000000,-0.000000,-0.021172
6.218262,1783997363.376239,3.000000,-0.000000,1.161989,0.000000,-0.000000,-0.021172
6.228278,1783997363.400787,3.000000,-0.000000,1.161559,0.000000,-0.000000,-0.019704
6.238228,1783997363.400787,3.000000,-0.000000,1.161559,0.000000,-0.000000,-0.019704
6.252373,1783997363.423609,3.000000,-0.000000,1.161362,0.000000,-0.000000,-0.015284
6.262439,1783997363.423609,3.000000,-0.000000,1.161362,0.000000,-0.000000,-0.015284
6.272438,1783997363.440249,3.000000,-0.000000,1.160969,0.000000,-0.000000,-0.018627
6.282634,1783997363.440249,3.000000,-0.000000,1.160969,0.000000,-0.000000,-0.018627
6.293303,1783997363.462601,3.000000,-0.000000,1.160600,0.000000,-0.000000,-0.017764
6.302704,1783997363.462601,3.000000,-0.000000,1.160600,0.000000,-0.000000,-0.017764
6.312760,1783997363.481241,3.000000,-0.000000,1.160202,0.000000,-0.000000,-0.019215
6.322678,1783997363.481241,3.000000,-0.000000,1.160202,0.000000,-0.000000,-0.019215
6.332751,1783997363.503583,3.000000,-0.000000,1.159768,0.000000,-0.000000,-0.019291
6.350020,1783997363.503583,3.000000,-0.000000,1.159768,0.000000,-0.000000,-0.019291
6.368844,1783997363.525597,3.000000,-0.000000,1.159336,0.000000,-0.000000,-0.019429
6.379702,1783997363.542751,3.000000,-0.000000,1.158970,0.000000,-0.000000,-0.020186
6.390836,1783997363.542751,3.000000,-0.000000,1.158970,0.000000,-0.000000,-0.020186
6.401433,1783997363.572631,3.000000,-0.000000,1.158651,0.000000,-0.000000,-0.016382
6.410982,1783997363.572631,3.000000,-0.000000,1.158651,0.000000,-0.000000,-0.016382
6.420892,1783997363.591631,3.000000,-0.000000,1.158417,0.000000,-0.000000,-0.014748
6.430899,1783997363.591631,3.000000,-0.000000,1.158417,0.000000,-0.000000,-0.014748
6.441211,1783997363.610567,3.000000,-0.000000,1.158135,0.000000,-0.000000,-0.014809
6.451053,1783997363.622180,3.000000,-0.000000,1.158128,0.000000,-0.000000,-0.009128
6.461896,1783997363.622180,3.000000,-0.000000,1.158128,0.000000,-0.000000,-0.009128
6.471995,1783997363.643036,3.000000,-0.000000,1.157988,0.000000,-0.000000,-0.008161
6.482336,1783997363.643036,3.000000,-0.000000,1.157988,0.000000,-0.000000,-0.008161
6.493997,1783997363.663579,3.000000,-0.000000,1.157884,0.000000,-0.000000,-0.006925
6.505636,1783997363.663579,3.000000,-0.000000,1.157884,0.000000,-0.000000,-0.006925
6.515703,1783997363.689040,3.000000,-0.000000,1.157715,0.000000,-0.000000,-0.006807
6.525695,1783997363.689040,3.000000,-0.000000,1.157715,0.000000,-0.000000,-0.006807
6.535703,1783997363.708244,3.000000,-0.000000,1.157353,0.000000,-0.000000,-0.011640
6.545696,1783997363.708244,3.000000,-0.000000,1.157353,0.000000,-0.000000,-0.011640
6.555700,1783997363.729259,3.000000,-0.000000,1.156933,0.000000,-0.000000,-0.014962
6.566248,1783997363.729259,3.000000,-0.000000,1.156933,0.000000,-0.000000,-0.014962
6.575839,1783997363.729259,3.000000,-0.000000,1.156933,0.000000,-0.000000,-0.014962
6.585991,1783997363.750281,3.000000,-0.000000,1.156458,0.000000,-0.000000,-0.018032
6.595887,1783997363.750281,3.000000,-0.000000,1.156458,0.000000,-0.000000,-0.018032
6.609931,1783997363.773299,3.000000,-0.000000,1.155930,0.000000,-0.000000,-0.019984
6.619991,1783997363.773299,3.000000,-0.000000,1.155930,0.000000,-0.000000,-0.019984
6.630007,1783997363.795603,3.000000,-0.000000,1.155406,0.000000,-0.000000,-0.021387
6.640296,1783997363.813729,3.000000,-0.000000,1.154838,0.000000,-0.000000,-0.025373
6.650012,1783997363.813729,3.000000,-0.000000,1.154838,0.000000,-0.000000,-0.025373
6.660937,1783997363.813729,3.000000,-0.000000,1.154838,0.000000,-0.000000,-0.025373
6.671013,1783997363.839134,3.000000,-0.000000,1.154232,0.000000,-0.000000,-0.024771
6.680994,1783997363.839134,3.000000,-0.000000,1.154232,0.000000,-0.000000,-0.024771
6.690991,1783997363.861331,3.000000,-0.000000,1.153572,0.000000,-0.000000,-0.026755
6.701000,1783997363.861331,3.000000,-0.000000,1.153572,0.000000,-0.000000,-0.026755
6.711046,1783997363.881238,3.000000,-0.000000,1.152942,0.000000,-0.000000,-0.028713
6.721094,1783997363.881238,3.000000,-0.000000,1.152942,0.000000,-0.000000,-0.028713
6.731006,1783997363.881238,3.000000,-0.000000,1.152942,0.000000,-0.000000,-0.028713
6.741435,1783997363.907410,3.000000,-0.000000,1.152230,0.000000,-0.000000,-0.028108
6.751516,1783997363.924562,3.000000,-0.000000,1.151876,0.000000,-0.000000,-0.025102
6.761851,1783997363.924562,3.000000,-0.000000,1.151876,0.000000,-0.000000,-0.025102
6.771492,1783997363.924562,3.000000,-0.000000,1.151876,0.000000,-0.000000,-0.025102
6.781664,1783997363.948407,3.000000,-0.000000,1.150769,0.000000,-0.000000,-0.033647
6.791489,1783997363.948407,3.000000,-0.000000,1.150769,0.000000,-0.000000,-0.033647
6.801520,1783997363.967496,3.000000,-0.000000,1.150378,0.000000,-0.000000,-0.028382
6.816280,1783997363.967496,3.000000,-0.000000,1.150378,0.000000,-0.000000,-0.028382
6.826992,1783997363.990401,3.000000,-0.000000,1.149642,0.000000,-0.000000,-0.029878
6.836427,1783997363.990401,3.000000,-0.000000,1.149642,0.000000,-0.000000,-0.029878
6.847589,1783997364.012236,3.000000,-0.000000,1.148795,0.000000,-0.000000,-0.033438
6.859463,1783997364.032249,3.000000,-0.000000,1.148021,0.000000,-0.000000,-0.035526
6.871369,1783997364.032249,3.000000,-0.000000,1.148021,0.000000,-0.000000,-0.035526
6.881473,1783997364.051589,3.000000,-0.000000,1.147286,0.000000,-0.000000,-0.036534
6.891425,1783997364.051589,3.000000,-0.000000,1.147286,0.000000,-0.000000,-0.036534
6.902404,1783997364.074323,3.000000,-0.000000,1.146464,0.000000,-0.000000,-0.036382
6.912473,1783997364.074323,3.000000,-0.000000,1.146464,0.000000,-0.000000,-0.036382
6.922467,1783997364.095388,3.000000,-0.000000,1.145670,0.000000,-0.000000,-0.036907
6.933361,1783997364.095388,3.000000,-0.000000,1.145670,0.000000,-0.000000,-0.036907
6.944723,1783997364.116225,3.000000,-0.000000,1.144823,0.000000,-0.000000,-0.038404
6.956685,1783997364.116225,3.000000,-0.000000,1.144823,0.000000,-0.000000,-0.038404
6.968338,1783997364.136200,3.000000,-0.000000,1.144037,0.000000,-0.000000,-0.038778
6.980349,1783997364.136200,3.000000,-0.000000,1.144037,0.000000,-0.000000,-0.038778
6.990808,1783997364.155953,3.000000,-0.000000,1.143280,0.000000,-0.000000,-0.038586
7.000847,1783997364.155953,3.000000,-0.000000,1.143280,0.000000,-0.000000,-0.038586
7.010847,1783997364.179512,3.000000,-0.000000,1.142392,0.000000,-0.000000,-0.038229
7.020843,1783997364.179512,3.000000,-0.000000,1.142392,0.000000,-0.000000,-0.038229
7.031153,1783997364.200444,3.000000,-0.000000,1.141943,0.000000,-0.000000,-0.031516
7.042485,1783997364.200444,3.000000,-0.000000,1.141943,0.000000,-0.000000,-0.031516
7.052533,1783997364.225618,3.000000,-0.000000,1.141114,0.000000,-0.000000,-0.032087
7.063190,1783997364.225618,3.000000,-0.000000,1.141114,0.000000,-0.000000,-0.032087
7.074477,1783997364.241240,3.000000,-0.000000,1.140345,0.000000,-0.000000,-0.038931
7.088438,1783997364.241240,3.000000,-0.000000,1.140345,0.000000,-0.000000,-0.038931
7.100256,1783997364.267188,3.000000,-0.000000,1.139571,0.000000,-0.000000,-0.035303
7.112790,1783997364.285280,3.000000,-0.000000,1.138753,0.000000,-0.000000,-0.039263
7.124612,1783997364.285280,3.000000,-0.000000,1.138753,0.000000,-0.000000,-0.039263
7.134887,1783997364.304415,3.000000,-0.000000,1.137981,0.000000,-0.000000,-0.039690
7.146173,1783997364.304415,3.000000,-0.000000,1.137981,0.000000,-0.000000,-0.039690
7.158063,1783997364.324568,3.000000,-0.000000,1.137300,0.000000,-0.000000,-0.037329
7.169869,1783997364.324568,3.000000,-0.000000,1.137300,0.000000,-0.000000,-0.037329
7.181770,1783997364.344186,3.000000,-0.000000,1.136670,0.000000,-0.000000,-0.035243
7.193000,1783997364.364325,3.000000,-0.000000,1.136060,0.000000,-0.000000,-0.033264
7.204950,1783997364.364325,3.000000,-0.000000,1.136060,0.000000,-0.000000,-0.033264
7.215039,1783997364.384419,3.000000,-0.000000,1.135481,0.000000,-0.000000,-0.031482
7.226173,1783997364.384419,3.000000,-0.000000,1.135481,0.000000,-0.000000,-0.031482
7.236233,1783997364.406235,3.000000,-0.000000,1.134887,0.000000,-0.000000,-0.029783
7.248382,1783997364.406235,3.000000,-0.000000,1.134887,0.000000,-0.000000,-0.029783
7.261640,1783997364.426395,3.000000,-0.000000,1.134328,0.000000,-0.000000,-0.028968
7.271695,1783997364.426395,3.000000,-0.000000,1.134328,0.000000,-0.000000,-0.028968
7.281694,1783997364.446195,3.000000,-0.000000,1.133778,0.000000,-0.000000,-0.028490
7.294080,1783997364.465384,3.000000,-0.000000,1.133196,0.000000,-0.000000,-0.029225
7.305290,1783997364.465384,3.000000,-0.000000,1.133196,0.000000,-0.000000,-0.029225
7.316206,1783997364.465384,3.000000,-0.000000,1.133196,0.000000,-0.000000,-0.029225
7.325696,1783997364.490021,3.000000,-0.000000,1.132643,0.000000,-0.000000,-0.026510
7.335402,1783997364.490021,3.000000,-0.000000,1.132643,0.000000,-0.000000,-0.026510
7.346334,1783997364.509465,3.000000,-0.000000,1.132055,0.000000,-0.000000,-0.028006
7.357059,1783997364.509465,3.000000,-0.000000,1.132055,0.000000,-0.000000,-0.028006
7.367136,1783997364.531616,3.000000,-0.000000,1.131407,0.000000,-0.000000,-0.028510
7.377234,1783997364.550020,3.000000,-0.000000,1.130781,0.000000,-0.000000,-0.030698
7.387109,1783997364.550020,3.000000,-0.000000,1.130781,0.000000,-0.000000,-0.030698
7.400862,1783997364.572972,3.000000,-0.000000,1.130381,0.000000,-0.000000,-0.025385
7.411654,1783997364.572972,3.000000,-0.000000,1.130381,0.000000,-0.000000,-0.025385
7.423592,1783997364.592417,3.000000,-0.000000,1.129412,0.000000,-0.000000,-0.035178
7.433643,1783997364.592417,3.000000,-0.000000,1.129412,0.000000,-0.000000,-0.035178
7.445669,1783997364.611700,3.000000,-0.000000,1.129071,0.000000,-0.000000,-0.028169
7.457945,1783997364.631296,3.000000,-0.000000,1.128418,0.000000,-0.000000,-0.030241
7.467970,1783997364.631296,3.000000,-0.000000,1.128418,0.000000,-0.000000,-0.030241
7.478021,1783997364.651379,3.000000,-0.000000,1.127794,0.000000,-0.000000,-0.030574
7.490306,1783997364.651379,3.000000,-0.000000,1.127794,0.000000,-0.000000,-0.030574
7.502612,1783997364.673293,3.000000,-0.000000,1.127160,0.000000,-0.000000,-0.029912
7.514491,1783997364.673293,3.000000,-0.000000,1.127160,0.000000,-0.000000,-0.029912
7.524987,1783997364.692836,3.000000,-0.000000,1.126490,0.000000,-0.000000,-0.031669
7.535953,1783997364.692836,3.000000,-0.000000,1.126490,0.000000,-0.000000,-0.031669
7.546355,1783997364.718483,3.000000,-0.000000,1.125510,0.000000,-0.000000,-0.034282
7.558640,1783997364.718483,3.000000,-0.000000,1.125510,0.000000,-0.000000,-0.034282
7.568696,1783997364.737051,3.000000,-0.000000,1.125130,0.000000,-0.000000,-0.028759
7.578793,1783997364.737051,3.000000,-0.000000,1.125130,0.000000,-0.000000,-0.028759
7.589995,1783997364.759399,3.000000,-0.000000,1.124438,0.000000,-0.000000,-0.029635
7.603944,1783997364.759399,3.000000,-0.000000,1.124438,0.000000,-0.000000,-0.029635
7.616369,1783997364.779457,3.000000,-0.000000,1.123749,0.000000,-0.000000,-0.031529
7.628643,1783997364.779457,3.000000,-0.000000,1.123749,0.000000,-0.000000,-0.031529
7.640917,1783997364.804301,3.000000,-0.000000,1.123125,0.000000,-0.000000,-0.028963
7.650981,1783997364.804301,3.000000,-0.000000,1.123125,0.000000,-0.000000,-0.028963
7.663234,1783997364.831407,3.000000,-0.000000,1.122462,0.000000,-0.000000,-0.027155
7.673285,1783997364.831407,3.000000,-0.000000,1.122462,0.000000,-0.000000,-0.027155
7.685593,1783997364.849356,3.000000,-0.000000,1.121771,0.000000,-0.000000,-0.031685
7.697953,1783997364.870041,3.000000,-0.000000,1.121116,0.000000,-0.000000,-0.031695
7.708461,1783997364.870041,3.000000,-0.000000,1.121116,0.000000,-0.000000,-0.031695
7.719915,1783997364.890082,3.000000,-0.000000,1.120483,0.000000,-0.000000,-0.031649
7.731435,1783997364.890082,3.000000,-0.000000,1.120483,0.000000,-0.000000,-0.031649
7.742344,1783997364.910568,3.000000,-0.000000,1.119839,0.000000,-0.000000,-0.031551
7.752400,1783997364.910568,3.000000,-0.000000,1.119839,0.000000,-0.000000,-0.031551
7.764566,1783997364.932981,3.000000,-0.000000,1.119246,0.000000,-0.000000,-0.029524
7.777017,1783997364.932981,3.000000,-0.000000,1.119246,0.000000,-0.000000,-0.029524
7.789469,1783997364.955321,3.000000,-0.000000,1.118677,0.000000,-0.000000,-0.027906
7.801676,1783997364.975199,3.000000,-0.000000,1.118422,0.000000,-0.000000,-0.021860
7.811733,1783997364.975199,3.000000,-0.000000,1.118422,0.000000,-0.000000,-0.021860
7.823888,1783997364.996078,3.000000,-0.000000,1.117633,0.000000,-0.000000,-0.028244
7.837103,1783997364.996078,3.000000,-0.000000,1.117633,0.000000,-0.000000,-0.028244
7.847931,1783997365.018806,3.000000,-0.000000,1.117104,0.000000,-0.000000,-0.026249
7.857971,1783997365.018806,3.000000,-0.000000,1.117104,0.000000,-0.000000,-0.026249
7.867955,1783997365.037637,3.000000,-0.000000,1.116881,0.000000,-0.000000,-0.020492
7.881511,1783997365.037637,3.000000,-0.000000,1.116881,0.000000,-0.000000,-0.020492
7.891564,1783997365.056240,3.000000,-0.000000,1.116388,0.000000,-0.000000,-0.022900
7.901567,1783997365.056240,3.000000,-0.000000,1.116388,0.000000,-0.000000,-0.022900
7.914470,1783997365.084966,3.000000,-0.000000,1.115599,0.000000,-0.000000,-0.024725
7.924520,1783997365.084966,3.000000,-0.000000,1.115599,0.000000,-0.000000,-0.024725
7.935057,1783997365.103629,3.000000,-0.000000,1.115344,0.000000,-0.000000,-0.020295
7.947109,1783997365.103629,3.000000,-0.000000,1.115344,0.000000,-0.000000,-0.020295
7.960406,1783997365.122052,3.000000,-0.000000,1.114840,0.000000,-0.000000,-0.023128
7.973029,1783997365.144885,3.000000,-0.000000,1.114334,0.000000,-0.000000,-0.022734
7.983080,1783997365.144885,3.000000,-0.000000,1.114334,0.000000,-0.000000,-0.022734
7.993838,1783997365.165289,3.000000,-0.000000,1.113841,0.000000,-0.000000,-0.023297
8.003917,1783997365.165289,3.000000,-0.000000,1.113841,0.000000,-0.000000,-0.023297
8.015651,1783997365.184980,3.000000,-0.000000,1.113364,0.000000,-0.000000,-0.023669
8.027206,1783997365.184980,3.000000,-0.000000,1.113364,0.000000,-0.000000,-0.023669
8.038128,1783997365.204377,3.000000,-0.000000,1.112883,0.000000,-0.000000,-0.024133
8.048629,1783997365.204377,3.000000,-0.000000,1.112883,0.000000,-0.000000,-0.024133
8.060428,1783997365.225292,3.000000,-0.000000,1.112381,0.000000,-0.000000,-0.024073
8.070220,1783997365.225292,3.000000,-0.000000,1.112381,0.000000,-0.000000,-0.024073
8.080239,1783997365.244624,3.000000,-0.000000,1.111874,0.000000,-0.000000,-0.024930
8.090204,1783997365.244624,3.000000,-0.000000,1.111874,0.000000,-0.000000,-0.024930
8.101102,1783997365.268046,3.000000,-0.000000,1.111327,0.000000,-0.000000,-0.024300
8.113156,1783997365.268046,3.000000,-0.000000,1.111327,0.000000,-0.000000,-0.024300
8.123277,1783997365.287452,3.000000,-0.000000,1.110836,0.000000,-0.000000,-0.024703
8.133557,1783997365.287452,3.000000,-0.000000,1.110836,0.000000,-0.000000,-0.024703
8.143510,1783997365.315527,3.000000,-0.000000,1.110325,0.000000,-0.000000,-0.022105
8.155470,1783997365.315527,3.000000,-0.000000,1.110325,0.000000,-0.000000,-0.022105
8.165520,1783997365.333240,3.000000,-0.000000,1.109779,0.000000,-0.000000,-0.025595
8.177580,1783997365.333240,3.000000,-0.000000,1.109779,0.000000,-0.000000,-0.025595
8.189304,1783997365.354938,3.000000,-0.000000,1.109210,0.000000,-0.000000,-0.025840
8.201120,1783997365.374173,3.000000,-0.000000,1.108945,0.000000,-0.000000,-0.021015
8.211178,1783997365.374173,3.000000,-0.000000,1.108945,0.000000,-0.000000,-0.021015
8.221179,1783997365.374173,3.000000,-0.000000,1.108945,0.000000,-0.000000,-0.021015
8.232232,1783997365.395567,3.000000,-0.000000,1.108147,0.000000,-0.000000,-0.027542
8.242307,1783997365.395567,3.000000,-0.000000,1.108147,0.000000,-0.000000,-0.027542
8.254240,1783997365.416368,3.000000,-0.000000,1.107622,0.000000,-0.000000,-0.026621
8.266154,1783997365.437657,3.000000,-0.000000,1.107089,0.000000,-0.000000,-0.025973
8.277770,1783997365.437657,3.000000,-0.000000,1.107089,0.000000,-0.000000,-0.025973
8.289929,1783997365.457161,3.000000,-0.000000,1.106808,0.000000,-0.000000,-0.021361
8.302588,1783997365.457161,3.000000,-0.000000,1.106808,0.000000,-0.000000,-0.021361
8.314175,1783997365.477295,3.000000,-0.000000,1.106263,0.000000,-0.000000,-0.023638
8.325101,1783997365.497152,3.000000,-0.000000,1.105685,0.000000,-0.000000,-0.025819
8.336113,1783997365.497152,3.000000,-0.000000,1.105685,0.000000,-0.000000,-0.025819
8.348150,1783997365.517222,3.000000,-0.000000,1.105134,0.000000,-0.000000,-0.026473
8.360477,1783997365.517222,3.000000,-0.000000,1.105134,0.000000,-0.000000,-0.026473
8.370531,1783997365.540078,3.000000,-0.000000,1.104586,0.000000,-0.000000,-0.025479
8.380775,1783997365.540078,3.000000,-0.000000,1.104586,0.000000,-0.000000,-0.025479
8.392861,1783997365.559231,3.000000,-0.000000,1.104025,0.000000,-0.000000,-0.027003
8.404838,1783997365.559231,3.000000,-0.000000,1.104025,0.000000,-0.000000,-0.027003
8.416985,1783997365.579354,3.000000,-0.000000,1.103495,0.000000,-0.000000,-0.026744
8.429258,1783997365.600051,3.000000,-0.000000,1.102982,0.000000,-0.000000,-0.025949
8.441037,1783997365.600051,3.000000,-0.000000,1.102982,0.000000,-0.000000,-0.025949
8.451103,1783997365.621310,3.000000,-0.000000,1.102473,0.000000,-0.000000,-0.025160
8.461106,1783997365.621310,3.000000,-0.000000,1.102473,0.000000,-0.000000,-0.025160
8.471109,1783997365.642436,3.000000,-0.000000,1.102016,0.000000,-0.000000,-0.023734
8.481097,1783997365.642436,3.000000,-0.000000,1.102016,0.000000,-0.000000,-0.023734
8.491101,1783997365.663972,3.000000,-0.000000,1.101504,0.000000,-0.000000,-0.023750
8.501101,1783997365.663972,3.000000,-0.000000,1.101504,0.000000,-0.000000,-0.023750
8.511071,1783997365.684322,3.000000,-0.000000,1.100968,0.000000,-0.000000,-0.024797
8.521096,1783997365.684322,3.000000,-0.000000,1.100968,0.000000,-0.000000,-0.024797
8.531104,1783997365.684322,3.000000,-0.000000,1.100968,0.000000,-0.000000,-0.024797
8.541094,1783997365.709047,3.000000,-0.000000,1.100390,0.000000,-0.000000,-0.024222
8.551089,1783997365.709047,3.000000,-0.000000,1.100390,0.000000,-0.000000,-0.024222
8.563210,1783997365.729024,3.000000,-0.000000,1.099865,0.000000,-0.000000,-0.025052
8.573445,1783997365.729024,3.000000,-0.000000,1.099865,0.000000,-0.000000,-0.025052
8.587919,1783997365.750237,3.000000,-0.000000,1.099357,0.000000,-0.000000,-0.024612
8.598017,1783997365.771098,3.000000,-0.000000,1.098845,0.000000,-0.000000,-0.024582
8.610313,1783997365.771098,3.000000,-0.000000,1.098845,0.000000,-0.000000,-0.024582
8.622604,1783997365.792962,3.000000,-0.000000,1.098310,0.000000,-0.000000,-0.024537
8.634995,1783997365.792962,3.000000,-0.000000,1.098310,0.000000,-0.000000,-0.024537
8.646334,1783997365.813278,3.000000,-0.000000,1.097786,0.000000,-0.000000,-0.025029
8.656398,1783997365.813278,3.000000,-0.000000,1.097786,0.000000,-0.000000,-0.025029
8.668010,1783997365.837214,3.000000,-0.000000,1.097259,0.000000,-0.000000,-0.023829
8.678062,1783997365.837214,3.000000,-0.000000,1.097259,0.000000,-0.000000,-0.023829
8.689948,1783997365.853201,3.000000,-0.000000,1.096695,0.000000,-0.000000,-0.028405
8.699997,1783997365.853201,3.000000,-0.000000,1.096695,0.000000,-0.000000,-0.028405
8.711975,1783997365.874312,3.000000,-0.000000,1.096147,0.000000,-0.000000,-0.027435
8.722043,1783997365.894946,3.000000,-0.000000,1.095874,0.000000,-0.000000,-0.021753
8.732276,1783997365.894946,3.000000,-0.000000,1.095874,0.000000,-0.000000,-0.021753
8.743662,1783997365.894946,3.000000,-0.000000,1.095874,0.000000,-0.000000,-0.021753
8.753728,1783997365.920372,3.000000,-0.000000,1.095094,0.000000,-0.000000,-0.025319
8.763847,1783997365.937347,3.000000,-0.000000,1.094844,0.000000,-0.000000,-0.021093
8.773723,1783997365.937347,3.000000,-0.000000,1.094844,0.000000,-0.000000,-0.021093
8.784868,1783997365.958268,3.000000,-0.000000,1.094284,0.000000,-0.000000,-0.023364
8.793717,1783997365.958268,3.000000,-0.000000,1.094284,0.000000,-0.000000,-0.023364
8.803715,1783997365.958268,3.000000,-0.000000,1.094284,0.000000,-0.000000,-0.023364
8.816368,1783997365.979142,3.000000,-0.000000,1.093770,0.000000,-0.000000,-0.023866
8.826502,1783997365.979142,3.000000,-0.000000,1.093770,0.000000,-0.000000,-0.023866
8.836418,1783997366.001271,3.000000,-0.000000,1.093290,0.000000,-0.000000,-0.022984
8.847753,1783997366.021219,3.000000,-0.000000,1.092806,0.000000,-0.000000,-0.023510
8.860043,1783997366.021219,3.000000,-0.000000,1.092806,0.000000,-0.000000,-0.023510
8.870099,1783997366.041564,3.000000,-0.000000,1.092320,0.000000,-0.000000,-0.023654
8.880677,1783997366.041564,3.000000,-0.000000,1.092320,0.000000,-0.000000,-0.023654
8.890826,1783997366.061227,3.000000,-0.000000,1.091834,0.000000,-0.000000,-0.024085
8.900737,1783997366.061227,3.000000,-0.000000,1.091834,0.000000,-0.000000,-0.024085
8.911436,1783997366.081223,3.000000,-0.000000,1.091348,0.000000,-0.000000,-0.024170
8.921930,1783997366.081223,3.000000,-0.000000,1.091348,0.000000,-0.000000,-0.024170
8.931957,1783997366.101628,3.000000,-0.000000,1.090875,0.000000,-0.000000,-0.023780
8.941985,1783997366.101628,3.000000,-0.000000,1.090875,0.000000,-0.000000,-0.023780
8.953795,1783997366.121214,3.000000,-0.000000,1.090397,0.000000,-0.000000,-0.024021
8.965732,1783997366.121214,3.000000,-0.000000,1.090397,0.000000,-0.000000,-0.024021
8.975784,1783997366.141820,3.000000,-0.000000,1.089943,0.000000,-0.000000,-0.023220
8.985958,1783997366.141820,3.000000,-0.000000,1.089943,0.000000,-0.000000,-0.023220
8.997285,1783997366.162563,3.000000,-0.000000,1.089488,0.000000,-0.000000,-0.022720
9.007346,1783997366.162563,3.000000,-0.000000,1.089488,0.000000,-0.000000,-0.022720
9.017419,1783997366.183361,3.000000,-0.000000,1.089021,0.000000,-0.000000,-0.022608
9.029310,1783997366.183361,3.000000,-0.000000,1.089021,0.000000,-0.000000,-0.022608
9.039463,1783997366.203243,3.000000,-0.000000,1.088514,0.000000,-0.000000,-0.023765
9.049520,1783997366.203243,3.000000,-0.000000,1.088514,0.000000,-0.000000,-0.023765
9.060127,1783997366.224947,3.000000,-0.000000,1.088037,0.000000,-0.000000,-0.023047
9.070791,1783997366.243201,3.000000,-0.000000,1.087569,0.000000,-0.000000,-0.024094
9.081630,1783997366.243201,3.000000,-0.000000,1.087569,0.000000,-0.000000,-0.024094
9.091924,1783997366.263213,3.000000,-0.000000,1.087129,0.000000,-0.000000,-0.023244
9.103744,1783997366.263213,3.000000,-0.000000,1.087129,0.000000,-0.000000,-0.023244
9.114136,1783997366.284751,3.000000,-0.000000,1.086715,0.000000,-0.000000,-0.021627
9.125066,1783997366.284751,3.000000,-0.000000,1.086715,0.000000,-0.000000,-0.021627
9.135228,1783997366.305062,3.000000,-0.000000,1.086316,0.000000,-0.000000,-0.020850
9.145110,1783997366.305062,3.000000,-0.000000,1.086316,0.000000,-0.000000,-0.020850
9.157899,1783997366.325106,3.000000,-0.000000,1.085923,0.000000,-0.000000,-0.020344
9.170024,1783997366.325106,3.000000,-0.000000,1.085923,0.000000,-0.000000,-0.020344
9.181679,1783997366.345959,3.000000,-0.000000,1.085498,0.000000,-0.000000,-0.020349
9.194003,1783997366.367320,3.000000,-0.000000,1.085063,0.000000,-0.000000,-0.020369
9.204056,1783997366.367320,3.000000,-0.000000,1.085063,0.000000,-0.000000,-0.020369
9.214259,1783997366.367320,3.000000,-0.000000,1.085063,0.000000,-0.000000,-0.020369
9.224056,1783997366.394058,3.000000,-0.000000,1.084643,0.000000,-0.000000,-0.018504
